centre_id,crop_type,quantity,farmers_ahead,current_queue_length,active_counters,staff_count,staff_availability,average_processing_time,current_processing_speed,time_of_day,day_of_week,seasonal_flag,no_show_rate,queue_growth_rate,equipment_status,operational_delay_flag,actual_wait_minutes,is_synthetic
1,Wheat,7.3,5,7,1,1,0.76,18.8,1.18,8,2,0,0.1,0.72,0,1,106.6,True
8,Paddy,17.3,19,28,4,4,0.78,18.5,1.13,16,5,0,0.14,0.85,1,0,78.3,True
10,Cotton,42.9,28,35,1,1,0.84,15.7,0.85,10,5,1,0.07,0.88,1,0,518.0,True
7,Wheat,7.9,5,8,3,4,0.77,17.3,1.14,17,2,0,0.15,0.43,1,0,21.3,True
6,Maize,25.4,28,38,2,2,0.83,11.0,0.98,12,6,0,0.11,0.86,1,0,155.9,True
8,Maize,23.3,2,7,1,3,0.84,14.1,1.06,14,1,1,0.08,0.31,1,0,27.8,True
4,Cotton,32.9,12,18,4,6,0.99,12.1,1.15,14,2,1,0.15,0.01,1,0,32.0,True
10,Cotton,19.5,16,22,2,2,0.71,18.5,1.15,8,4,0,0.18,1.31,0,1,158.5,True
8,Wheat,59.2,14,19,4,4,0.77,17.2,1.16,15,5,1,0.11,-0.21,1,0,52.5,True
3,Wheat,23.4,15,18,1,3,0.99,18.5,0.94,10,0,1,0.17,0.43,1,0,291.7,True
5,Cotton,41.8,14,24,3,4,0.96,12.7,0.87,12,5,0,0.1,0.64,1,0,67.1,True
5,Maize,52.6,2,11,2,3,0.89,17.2,1.08,15,2,1,0.07,0.94,0,1,46.4,True
3,Wheat,32.3,17,18,1,1,0.91,15.6,1.16,10,4,1,0.16,1.16,1,0,225.3,True
8,Paddy,23.6,18,21,1,3,0.97,14.8,0.99,17,4,0,0.19,0.21,1,0,272.7,True
6,Cotton,25.8,21,24,2,4,0.98,10.0,0.85,12,2,0,0.07,-0.11,0,1,146.1,True
2,Mustard,41.5,11,14,4,5,0.97,17.9,0.88,10,4,1,0.05,1.33,1,0,52.7,True
8,Cotton,26.5,10,12,1,3,0.77,12.7,0.81,11,6,1,0.17,0.57,1,0,153.2,True
4,Paddy,46.9,13,21,4,5,0.92,10.1,0.96,14,2,1,0.15,-0.31,1,0,32.1,True
4,Maize,32.6,2,6,3,4,0.73,13.6,0.8,12,6,0,0.18,0.41,0,1,31.2,True
1,Wheat,49.2,18,25,2,2,0.79,14.5,0.82,15,4,1,0.18,0.78,1,0,161.8,True
1,Maize,58.1,9,17,3,3,0.75,11.8,0.92,9,1,0,0.14,1.45,1,0,37.2,True
9,Wheat,23.9,7,13,4,5,0.83,13.3,0.92,15,1,1,0.19,1.27,1,0,25.4,True
8,Cotton,8.1,29,36,4,4,0.88,15.4,0.83,9,0,0,0.05,0.58,1,0,130.3,True
2,Cotton,27.7,18,25,1,2,0.88,15.9,1.16,10,0,1,0.14,0.3,1,0,243.0,True
1,Mustard,50.6,9,18,4,5,0.82,17.9,1.12,12,0,0,0.08,1.39,1,0,32.1,True
7,Mustard,26.4,16,26,2,4,0.87,18.9,1.06,11,5,1,0.07,0.05,1,0,141.8,True
2,Maize,8.4,17,27,3,5,0.71,11.2,0.82,15,0,1,0.18,0.66,1,0,80.1,True
10,Maize,31.9,11,16,2,2,0.81,19.1,0.89,15,4,1,0.18,0.43,1,0,118.9,True
4,Cotton,19.4,6,7,1,3,0.84,10.8,1.0,16,6,0,0.19,0.0,1,0,70.1,True
5,Paddy,39.5,15,19,2,2,0.77,12.6,1.12,9,2,0,0.11,-0.24,0,1,104.9,True
8,Mustard,14.5,17,20,3,4,0.87,17.4,0.89,16,4,0,0.06,0.58,1,0,110.4,True
7,Mustard,58.9,28,37,2,2,0.73,19.8,0.94,8,4,0,0.12,1.16,1,0,299.9,True
9,Mustard,39.7,24,32,3,4,0.83,12.5,1.1,14,1,1,0.15,1.01,1,0,90.3,True
2,Cotton,50.8,4,4,4,6,0.87,16.8,1.13,8,2,0,0.1,-0.37,1,0,15.8,True
1,Maize,20.5,0,8,2,2,0.96,12.5,1.15,15,4,1,0.06,-0.04,1,0,3.0,True
2,Cotton,58.1,7,11,2,4,0.87,13.8,0.93,14,4,1,0.15,0.33,1,0,56.0,True
5,Maize,57.2,6,11,3,4,0.85,16.1,1.02,16,2,0,0.06,-0.45,1,0,33.3,True
4,Paddy,46.5,10,15,1,3,0.94,13.7,0.88,11,4,1,0.2,-0.06,1,0,155.7,True
7,Paddy,58.2,3,6,3,4,1.0,12.0,1.2,17,1,0,0.14,1.05,1,0,13.7,True
2,Paddy,14.5,9,18,3,4,0.99,15.3,1.07,17,0,0,0.16,0.99,1,0,43.1,True
8,Maize,47.6,5,10,2,2,0.71,19.8,1.14,16,2,0,0.17,0.86,1,0,44.2,True
10,Paddy,41.5,4,6,3,4,0.84,15.3,0.98,12,1,0,0.12,0.53,1,0,20.2,True
3,Paddy,35.8,19,20,1,2,0.86,12.8,0.93,15,2,1,0.16,-0.13,1,0,261.2,True
10,Wheat,46.3,17,21,1,2,0.87,19.7,0.99,12,5,0,0.19,1.31,0,1,364.3,True
9,Mustard,18.3,6,6,2,4,0.85,12.3,0.84,10,0,1,0.1,0.58,1,0,49.7,True
1,Maize,52.6,28,33,4,4,0.73,16.7,1.06,13,4,0,0.16,1.15,0,1,139.4,True
7,Cotton,8.1,28,38,3,4,0.89,11.6,1.11,14,2,1,0.05,0.73,1,0,94.7,True
3,Cotton,8.9,8,17,4,4,0.77,11.9,1.18,11,4,1,0.2,0.69,1,0,17.7,True
2,Mustard,23.6,6,12,3,3,0.99,10.9,1.03,12,2,0,0.12,1.0,1,0,17.8,True
3,Paddy,59.0,19,28,1,2,0.81,13.2,0.98,9,1,0,0.13,0.53,1,0,252.1,True
7,Cotton,49.1,20,27,1,1,0.74,16.3,1.16,8,4,0,0.07,1.38,0,1,308.8,True
6,Maize,55.5,7,10,3,5,0.91,16.3,0.97,10,4,1,0.12,0.99,1,0,39.5,True
10,Cotton,43.7,10,17,4,4,0.93,14.8,0.94,9,5,0,0.12,1.17,1,0,46.9,True
1,Cotton,57.1,14,15,4,6,0.88,19.5,1.14,14,0,1,0.09,1.47,1,0,54.3,True
1,Cotton,22.1,16,25,3,5,0.96,13.9,1.17,13,6,0,0.07,1.08,1,0,59.7,True
7,Cotton,35.1,26,31,1,1,0.86,16.4,1.09,17,2,0,0.15,0.32,1,0,391.1,True
3,Mustard,8.2,26,27,1,3,0.96,12.5,0.93,11,0,1,0.11,1.18,1,0,344.7,True
1,Paddy,13.2,28,30,3,4,0.97,10.0,0.95,16,4,0,0.15,0.78,1,0,94.0,True
9,Cotton,27.0,13,14,2,3,0.81,18.1,0.93,8,5,0,0.09,-0.4,0,1,149.2,True
4,Paddy,11.8,17,27,1,1,0.9,18.7,1.03,13,3,0,0.2,0.84,1,0,309.2,True
9,Paddy,52.0,30,31,2,2,0.72,12.1,1.18,8,4,0,0.1,-0.04,0,1,178.8,True
7,Maize,25.7,6,16,1,3,0.82,16.5,0.98,12,0,0,0.18,0.77,0,1,127.3,True
1,Paddy,47.6,19,29,2,2,0.77,18.2,1.1,11,4,1,0.08,-0.33,0,1,177.4,True
1,Cotton,45.3,27,33,4,4,0.96,15.5,1.08,12,5,0,0.06,-0.28,1,0,94.1,True
1,Maize,28.0,29,34,4,6,0.8,14.4,1.16,14,0,1,0.07,0.82,0,1,112.9,True
9,Maize,42.9,5,10,4,6,0.98,18.1,0.84,12,3,0,0.08,-0.09,1,0,30.2,True
8,Cotton,59.6,19,28,1,1,0.86,11.0,0.88,9,3,0,0.07,-0.2,1,0,233.8,True
3,Paddy,49.5,12,21,1,2,0.9,17.6,0.96,12,3,0,0.2,-0.1,1,0,219.0,True
10,Cotton,19.6,28,37,3,4,0.83,15.3,0.98,15,3,1,0.2,-0.36,0,1,166.4,True
8,Wheat,41.7,20,20,3,5,0.93,12.5,1.12,13,2,0,0.1,0.45,1,0,73.9,True
3,Paddy,12.8,8,16,4,6,0.84,13.1,1.0,13,0,0,0.2,0.04,1,0,28.4,True
9,Cotton,36.2,24,25,4,6,0.83,12.5,1.03,11,3,1,0.18,0.3,1,0,73.4,True
6,Wheat,38.1,1,2,2,4,0.75,17.2,0.91,13,0,0,0.19,-0.45,1,0,9.9,True
3,Cotton,55.1,28,35,2,3,0.79,13.2,0.94,12,6,0,0.1,0.43,1,0,196.3,True
5,Mustard,25.0,24,29,1,1,0.87,19.2,0.84,9,5,0,0.17,0.67,1,0,548.2,True
7,Mustard,46.4,17,19,4,6,0.92,16.9,0.93,13,5,0,0.05,0.05,1,0,74.7,True
10,Maize,21.5,22,31,3,5,0.96,18.3,1.12,12,5,0,0.18,0.69,1,0,117.8,True
2,Wheat,41.9,12,18,1,2,0.77,13.5,0.85,14,4,1,0.13,0.54,1,0,187.7,True
5,Paddy,22.7,10,15,1,1,0.99,10.4,0.83,10,6,1,0.12,0.75,1,0,124.0,True
8,Cotton,5.2,13,16,2,2,0.84,13.5,1.0,11,3,1,0.14,-0.38,1,0,88.8,True
4,Mustard,15.8,4,7,3,4,0.96,15.3,1.09,8,6,0,0.13,0.38,1,0,13.6,True
6,Paddy,48.9,28,35,4,5,0.87,17.3,1.05,11,6,1,0.09,0.78,0,1,144.4,True
4,Wheat,55.4,16,23,4,5,0.86,12.0,0.86,8,6,0,0.1,0.43,0,1,78.5,True
6,Maize,41.4,4,10,1,2,0.72,16.4,1.04,10,1,1,0.13,0.98,1,0,58.9,True
4,Wheat,51.2,4,12,3,3,0.81,11.2,1.16,10,5,1,0.07,0.48,1,0,13.7,True
4,Maize,52.4,22,29,3,5,0.93,17.4,0.95,14,5,1,0.17,0.55,1,0,135.8,True
5,Mustard,8.7,10,10,3,3,0.8,16.1,0.8,11,2,1,0.07,0.2,0,1,94.2,True
3,Cotton,50.6,19,22,3,4,0.93,12.0,0.87,10,0,1,0.19,1.01,1,0,84.0,True
8,Maize,9.7,26,35,3,5,0.88,12.9,0.86,10,4,1,0.12,0.99,1,0,128.6,True
4,Paddy,44.2,19,20,1,1,0.78,15.8,1.01,10,4,1,0.19,1.42,1,0,295.5,True
9,Paddy,42.8,15,17,3,3,0.94,10.8,1.03,16,3,0,0.16,1.1,0,1,77.7,True
8,Cotton,36.2,14,14,2,4,0.74,13.8,1.11,8,1,0,0.11,1.0,1,0,95.3,True
1,Paddy,29.6,24,25,2,4,0.95,19.0,1.16,14,6,1,0.19,0.38,0,1,225.8,True
9,Wheat,49.9,16,19,2,3,0.88,12.5,0.97,14,3,1,0.07,1.07,1,0,99.0,True
2,Paddy,21.6,4,4,4,4,0.81,19.9,0.93,8,4,0,0.19,0.28,0,1,44.5,True
9,Cotton,26.7,23,26,4,6,0.73,18.9,1.06,13,2,0,0.09,-0.39,0,1,132.0,True
3,Paddy,48.9,30,38,2,4,0.91,12.8,1.02,12,1,0,0.06,0.61,0,1,211.4,True
5,Paddy,53.0,28,30,3,5,0.91,19.5,0.86,16,6,0,0.06,0.48,1,0,210.4,True
7,Mustard,46.3,28,32,2,2,0.83,19.9,0.97,13,2,0,0.06,-0.21,1,0,285.1,True
9,Paddy,34.1,3,13,2,2,0.84,13.9,1.06,8,0,0,0.07,0.6,1,0,17.7,True
5,Maize,50.7,6,16,4,6,0.71,11.5,0.89,15,3,1,0.19,0.49,1,0,22.5,True
4,Cotton,12.1,16,24,3,5,0.88,10.1,1.14,10,3,1,0.07,0.77,1,0,49.2,True
9,Maize,5.9,11,19,1,1,0.88,17.3,1.17,11,6,1,0.14,0.57,1,0,160.7,True
3,Wheat,32.2,25,35,1,3,0.97,16.8,1.13,10,4,1,0.08,1.4,1,0,370.8,True
1,Cotton,6.7,29,32,4,6,0.7,18.8,0.94,12,6,0,0.16,0.51,0,1,170.2,True
3,Cotton,8.4,27,35,1,1,0.92,19.7,1.18,11,2,1,0.19,0.54,1,0,452.5,True
6,Mustard,39.2,20,21,1,3,0.72,12.1,0.9,13,4,0,0.18,1.39,0,1,292.6,True
9,Paddy,59.8,3,12,2,4,0.87,14.8,1.17,15,2,1,0.11,1.5,1,0,20.3,True
5,Wheat,27.5,14,24,3,3,0.87,11.3,1.11,10,6,1,0.11,1.45,1,0,48.5,True
9,Mustard,34.7,8,16,4,6,0.91,13.1,0.87,16,6,0,0.09,1.48,1,0,34.2,True
8,Paddy,49.8,16,22,3,3,0.79,16.8,1.16,17,3,0,0.17,1.42,0,1,100.6,True
10,Wheat,59.2,5,15,3,4,0.92,16.4,1.16,14,2,1,0.2,0.64,1,0,22.1,True
6,Cotton,21.2,23,28,1,3,0.75,18.2,0.95,12,3,0,0.19,0.56,1,0,443.2,True
10,Mustard,22.9,7,9,4,4,0.72,17.7,0.91,16,6,0,0.15,0.14,1,0,37.8,True
6,Maize,37.0,24,27,2,2,0.93,19.1,0.86,13,3,0,0.13,0.82,1,0,261.1,True
7,Maize,48.7,29,29,3,5,0.94,16.1,1.18,8,5,0,0.1,-0.39,0,1,155.2,True
8,Mustard,10.2,8,10,3,5,0.83,12.0,1.0,16,6,0,0.13,1.27,1,0,34.5,True
2,Paddy,54.2,1,7,2,3,0.78,17.2,0.92,10,3,1,0.17,-0.38,1,0,10.5,True
10,Mustard,44.4,4,10,4,5,0.81,18.8,0.81,13,6,0,0.19,0.77,1,0,26.1,True
6,Maize,56.4,15,19,2,3,0.88,13.1,0.9,17,0,0,0.15,-0.09,0,1,133.3,True
4,Paddy,27.1,15,19,2,2,0.96,11.9,0.82,17,0,0,0.19,-0.33,1,0,108.6,True
10,Paddy,6.4,1,8,4,6,0.93,13.8,1.15,11,2,1,0.16,1.34,1,0,6.1,True
10,Mustard,21.1,20,25,1,1,0.95,10.3,1.17,14,1,1,0.1,-0.41,1,0,181.0,True
7,Maize,55.9,3,4,4,4,0.82,18.7,1.11,8,6,0,0.1,0.71,1,0,12.0,True
1,Paddy,46.4,25,30,3,5,0.85,15.7,1.13,14,1,1,0.17,0.32,1,0,113.0,True
5,Cotton,49.4,25,25,2,4,0.86,17.0,1.18,10,3,1,0.11,0.1,1,0,176.1,True
8,Wheat,44.0,19,22,1,1,0.99,14.6,0.9,13,5,0,0.17,-0.14,1,0,302.9,True
3,Maize,43.5,17,27,4,4,0.96,14.1,1.14,11,3,1,0.06,1.18,1,0,48.5,True
7,Cotton,20.3,2,5,1,1,0.9,15.4,1.19,14,4,1,0.19,-0.41,1,0,29.2,True
1,Cotton,43.4,23,24,1,1,0.76,11.6,0.87,8,6,0,0.11,0.98,1,0,302.3,True
3,Wheat,14.3,26,29,3,4,0.88,15.1,1.17,11,5,1,0.11,-0.48,1,0,111.0,True
9,Mustard,24.8,21,26,4,4,0.95,17.1,1.18,16,4,0,0.16,1.49,1,0,73.3,True
9,Maize,32.0,14,22,1,1,0.8,14.0,1.05,8,3,0,0.12,-0.41,1,0,190.7,True
10,Paddy,47.7,20,27,2,4,0.83,15.5,0.87,8,1,0,0.14,1.09,1,0,175.9,True
6,Maize,44.4,11,16,4,6,0.82,15.8,0.95,13,1,0,0.1,-0.01,1,0,44.5,True
3,Cotton,41.4,23,26,2,2,0.93,12.7,1.17,14,0,1,0.18,1.13,0,1,149.2,True
1,Mustard,10.6,6,16,2,2,0.95,16.8,1.05,16,0,0,0.16,0.48,0,1,73.7,True
2,Cotton,45.6,19,21,4,4,0.86,15.3,1.08,15,2,1,0.11,0.36,1,0,64.4,True
9,Mustard,23.2,0,2,1,2,0.93,14.7,0.82,8,6,0,0.08,0.92,1,0,3.0,True
7,Paddy,47.3,10,19,1,2,0.77,11.7,1.14,17,2,0,0.18,0.44,1,0,102.5,True
5,Mustard,47.3,20,20,4,5,0.75,15.1,0.85,17,5,0,0.17,1.38,0,1,112.4,True
2,Mustard,17.8,2,3,1,3,0.91,12.4,1.0,15,0,1,0.09,-0.1,1,0,27.4,True
6,Cotton,27.4,4,4,4,4,0.77,10.3,1.02,11,5,1,0.16,0.26,1,0,10.8,True
3,Mustard,27.5,23,30,4,6,0.9,19.0,0.93,17,5,0,0.12,-0.42,0,1,139.1,True
1,Cotton,7.4,27,36,1,1,0.78,14.6,0.91,9,3,0,0.12,0.78,1,0,434.3,True
8,Mustard,46.8,6,16,3,4,0.98,17.5,1.11,16,3,0,0.07,0.04,1,0,31.9,True
6,Mustard,13.2,4,14,3,5,0.96,18.3,0.85,12,6,0,0.06,0.68,1,0,32.0,True
2,Wheat,27.8,27,30,2,2,0.81,11.5,1.06,17,6,0,0.11,1.19,0,1,174.0,True
1,Mustard,24.8,12,21,2,3,0.91,18.5,0.84,9,6,0,0.12,0.46,0,1,158.9,True
2,Cotton,45.4,20,24,2,4,0.82,12.6,1.16,13,0,0,0.09,0.63,0,1,131.8,True
3,Wheat,12.3,27,37,2,2,0.87,17.2,1.11,15,1,1,0.18,-0.12,1,0,211.1,True
10,Mustard,58.4,16,19,3,3,0.82,12.5,1.0,11,6,1,0.1,0.76,1,0,70.1,True
1,Wheat,50.8,27,37,3,3,0.88,15.0,1.15,15,6,1,0.07,1.41,1,0,113.9,True
10,Wheat,56.6,14,20,1,1,0.84,16.1,1.09,10,3,1,0.08,-0.09,0,1,232.6,True
1,Paddy,46.7,21,30,3,3,0.98,16.8,0.94,11,0,1,0.18,0.86,1,0,126.1,True
8,Maize,36.6,10,12,3,5,0.76,14.8,0.95,9,5,0,0.1,0.83,1,0,50.1,True
8,Paddy,8.4,19,22,1,3,0.76,10.0,0.85,17,5,0,0.14,0.12,0,1,249.7,True
5,Paddy,23.8,5,9,1,1,0.8,12.4,0.89,14,5,1,0.15,0.31,0,1,91.6,True
10,Wheat,23.2,11,17,1,1,0.78,11.4,0.8,12,0,0,0.12,-0.07,1,0,156.5,True
4,Wheat,40.4,26,34,2,2,0.9,15.8,1.07,15,5,1,0.17,0.58,1,0,191.0,True
5,Paddy,30.4,3,10,1,2,0.73,10.2,0.98,12,2,0,0.19,0.28,1,0,30.3,True
2,Mustard,27.5,16,17,4,4,0.75,15.6,1.19,15,2,1,0.12,-0.16,1,0,50.3,True
5,Wheat,13.2,28,28,1,3,0.89,19.6,0.88,10,6,1,0.11,1.18,0,1,652.9,True
2,Cotton,46.7,27,31,4,5,0.71,12.4,1.13,12,6,0,0.13,1.17,1,0,69.7,True
9,Wheat,51.9,15,21,4,5,0.91,17.3,0.84,14,5,1,0.18,0.24,1,0,83.3,True
3,Maize,5.6,29,39,1,2,0.79,15.6,0.8,15,4,1,0.06,-0.13,1,0,564.9,True
5,Maize,51.9,3,3,3,5,0.82,10.5,0.84,10,5,1,0.07,1.49,1,0,11.2,True
10,Mustard,38.9,21,22,1,1,0.8,10.0,1.15,10,4,1,0.14,1.34,1,0,183.3,True
9,Mustard,58.3,0,5,2,2,0.93,13.5,1.04,12,5,0,0.11,-0.11,1,0,3.0,True
3,Cotton,30.9,18,21,2,2,0.8,19.6,0.92,13,2,0,0.15,0.73,1,0,189.8,True
9,Cotton,44.8,1,6,2,3,0.93,13.2,0.84,12,2,0,0.09,0.93,1,0,5.9,True
1,Cotton,57.4,5,6,1,1,0.84,19.3,1.1,17,6,0,0.09,-0.46,1,0,86.8,True
6,Cotton,14.3,2,9,1,3,0.7,11.7,1.03,8,3,0,0.15,1.21,0,1,53.1,True
7,Wheat,41.4,10,16,2,3,0.72,10.6,1.08,12,6,0,0.15,0.43,1,0,49.8,True
9,Paddy,5.2,24,31,1,3,0.71,10.7,0.98,16,4,0,0.09,1.46,1,0,259.7,True
4,Mustard,55.9,14,21,4,5,0.94,15.0,1.1,16,2,0,0.18,0.57,1,0,48.6,True
8,Maize,39.7,14,16,4,6,0.87,15.4,0.95,16,4,0,0.09,0.37,0,1,83.9,True
7,Maize,35.1,14,18,2,3,0.7,19.4,0.83,12,3,0,0.2,0.02,1,0,161.8,True
5,Cotton,12.5,4,14,1,3,0.99,18.8,1.12,8,2,0,0.13,0.06,1,0,63.3,True
10,Cotton,40.0,18,22,4,6,0.82,10.7,1.19,9,0,0,0.18,1.03,0,1,63.4,True
10,Maize,14.0,19,27,1,3,0.75,17.4,1.07,16,5,0,0.1,1.47,1,0,307.5,True
7,Maize,17.1,2,7,3,4,0.84,12.8,0.86,11,0,1,0.15,1.43,1,0,12.7,True
7,Wheat,21.9,24,30,3,4,0.72,11.4,0.84,12,1,0,0.06,-0.2,0,1,136.9,True
1,Wheat,50.7,25,34,4,4,0.76,19.8,1.02,11,0,1,0.18,1.31,1,0,122.4,True
3,Cotton,20.2,27,31,1,2,1.0,19.2,1.17,11,5,1,0.16,-0.26,0,1,465.3,True
7,Paddy,53.6,2,7,1,2,0.88,13.1,0.9,13,2,0,0.05,-0.17,1,0,27.5,True
7,Maize,36.5,10,11,2,2,0.9,17.0,1.0,12,5,0,0.2,-0.28,1,0,81.7,True
6,Maize,26.9,12,18,2,4,0.75,16.4,1.05,9,6,0,0.08,-0.49,1,0,91.2,True
8,Cotton,41.4,4,10,3,4,0.89,17.9,1.12,9,0,0,0.09,1.31,1,0,20.6,True
1,Cotton,54.2,24,33,4,6,0.73,15.3,0.98,16,5,0,0.12,1.36,1,0,92.8,True
9,Paddy,19.9,26,32,4,6,0.87,10.4,0.83,13,2,0,0.19,0.52,1,0,82.5,True
3,Cotton,40.6,17,23,4,5,0.98,16.9,1.16,13,0,0,0.2,0.41,1,0,62.7,True
5,Wheat,18.6,6,7,3,4,0.78,14.1,1.19,10,1,1,0.12,0.18,1,0,19.1,True
7,Paddy,49.2,29,36,1,1,0.85,19.6,0.85,16,4,0,0.11,-0.06,1,0,672.5,True
7,Cotton,14.9,29,38,1,2,0.74,11.0,0.97,15,4,1,0.17,-0.43,0,1,355.6,True
5,Cotton,18.9,8,16,4,6,0.86,16.0,0.86,17,6,0,0.11,0.76,1,0,39.5,True
3,Paddy,34.7,17,17,4,5,0.84,16.8,0.98,16,3,0,0.15,0.75,1,0,68.7,True
4,Cotton,40.0,0,8,3,3,0.96,15.9,0.95,9,3,0,0.1,-0.44,1,0,3.0,True
5,Wheat,27.9,27,27,1,1,0.89,14.3,0.91,9,4,0,0.12,1.29,0,1,448.5,True
2,Cotton,39.1,19,23,1,1,0.88,10.5,0.89,10,0,1,0.1,-0.38,1,0,224.2,True
5,Wheat,29.3,19,23,3,3,0.89,17.8,1.18,13,1,0,0.08,0.1,0,1,124.0,True
7,Wheat,9.1,5,15,3,3,0.94,13.7,0.85,11,4,1,0.12,-0.47,1,0,28.4,True
1,Wheat,36.2,15,23,1,1,0.74,11.1,0.82,11,3,1,0.17,0.85,0,1,226.4,True
10,Cotton,55.3,26,32,2,4,0.97,15.3,1.08,14,6,1,0.07,0.19,1,0,185.4,True
3,Cotton,45.8,17,19,3,4,0.91,15.6,1.17,9,3,0,0.18,-0.48,1,0,71.7,True
1,Wheat,58.4,10,12,2,4,0.78,13.7,1.1,8,1,0,0.11,-0.34,1,0,64.2,True
8,Cotton,43.0,19,20,2,2,0.7,11.8,0.95,13,0,0,0.15,0.62,1,0,122.4,True
10,Mustard,38.5,6,14,1,2,1.0,12.4,1.01,9,2,0,0.06,0.94,1,0,74.9,True
6,Mustard,48.1,5,7,1,3,0.84,18.8,0.81,15,2,1,0.18,-0.19,1,0,122.4,True
8,Cotton,59.6,1,8,2,2,0.95,15.0,0.88,12,0,0,0.1,0.76,1,0,7.1,True
5,Paddy,5.5,5,8,2,3,0.91,18.7,1.05,14,0,1,0.1,-0.49,1,0,41.4,True
7,Wheat,59.1,3,5,1,1,1.0,10.3,1.04,16,0,0,0.18,0.23,1,0,29.1,True
7,Maize,56.3,20,20,2,3,0.95,16.0,1.17,15,3,1,0.06,0.76,0,1,159.6,True
5,Paddy,59.6,5,8,4,6,0.89,10.1,1.01,14,3,1,0.13,0.96,1,0,10.1,True
3,Maize,31.7,12,16,1,2,0.87,13.4,0.81,17,2,0,0.12,1.22,1,0,199.9,True
1,Mustard,58.8,29,39,4,4,0.73,13.8,1.0,14,4,1,0.17,-0.07,1,0,103.9,True
3,Mustard,51.0,11,18,3,3,0.85,14.3,0.85,16,0,0,0.11,0.07,1,0,60.9,True
1,Cotton,27.4,28,28,1,2,0.85,11.7,0.82,16,3,0,0.11,-0.03,1,0,397.9,True
7,Mustard,39.3,3,8,1,1,0.95,19.0,0.81,8,4,0,0.16,-0.15,0,1,95.1,True
5,Mustard,41.4,8,17,1,1,0.75,16.2,0.81,11,3,1,0.18,1.09,1,0,160.5,True
6,Maize,38.7,22,26,3,5,0.73,17.6,0.97,9,6,0,0.18,1.22,1,0,131.7,True
7,Cotton,30.4,14,16,3,4,0.81,19.6,0.96,14,2,1,0.1,0.72,0,1,119.9,True
1,Maize,8.3,29,31,2,3,0.99,14.2,1.17,8,4,0,0.07,-0.09,1,0,178.4,True
1,Wheat,50.2,22,23,4,6,0.8,17.6,1.1,11,4,1,0.09,0.35,1,0,90.6,True
4,Mustard,15.7,1,3,1,1,0.73,12.5,1.2,9,0,0,0.19,1.4,0,1,32.3,True
2,Cotton,27.7,10,13,2,2,0.75,11.7,0.85,14,2,1,0.15,0.11,1,0,71.9,True
7,Maize,15.3,26,34,2,3,0.92,16.1,0.83,17,3,0,0.06,-0.08,1,0,245.8,True
1,Wheat,20.1,16,16,3,4,0.9,13.1,0.97,11,4,1,0.09,1.34,0,1,103.4,True
4,Maize,22.7,25,30,1,2,0.87,17.1,1.17,16,2,0,0.12,0.53,1,0,364.9,True
3,Mustard,52.6,2,9,3,4,0.9,15.3,1.1,15,5,1,0.05,0.54,1,0,8.8,True
9,Cotton,23.8,4,8,3,4,0.83,12.6,0.82,8,2,0,0.09,-0.01,1,0,18.5,True
1,Maize,34.1,18,18,3,4,0.95,13.5,0.96,10,2,1,0.15,1.43,0,1,108.0,True
7,Mustard,52.8,12,13,1,1,0.72,15.5,0.84,12,3,0,0.07,0.96,1,0,218.5,True
10,Mustard,49.0,30,33,2,4,0.74,17.0,1.02,15,2,1,0.1,0.53,1,0,250.1,True
10,Maize,33.3,9,12,2,3,0.97,11.0,1.02,10,3,1,0.16,0.16,1,0,50.3,True
9,Mustard,16.1,7,14,2,4,0.85,17.5,0.92,17,3,0,0.06,0.48,1,0,69.4,True
6,Mustard,43.6,15,17,4,6,0.92,18.4,1.05,10,6,1,0.18,0.19,1,0,60.3,True
1,Maize,23.5,23,31,4,4,0.85,11.6,0.97,15,3,1,0.13,1.39,1,0,67.0,True
1,Cotton,24.0,5,12,4,5,0.71,13.5,0.81,11,1,1,0.09,-0.26,0,1,42.1,True
9,Wheat,28.7,27,37,2,3,0.87,11.9,1.05,14,4,1,0.16,0.09,1,0,150.8,True
1,Wheat,34.4,16,16,2,3,1.0,17.6,0.88,17,1,0,0.19,0.11,1,0,161.4,True
2,Maize,18.1,18,18,4,5,0.92,11.1,0.98,11,2,1,0.05,-0.05,1,0,51.8,True
5,Wheat,25.8,4,9,3,5,0.96,15.3,1.13,10,1,1,0.12,0.4,0,1,37.3,True
5,Maize,58.4,27,32,4,5,0.92,19.9,0.95,15,4,1,0.07,-0.24,1,0,136.7,True
1,Wheat,45.8,15,17,1,1,0.83,15.9,0.88,13,6,0,0.07,0.93,0,1,300.8,True
2,Paddy,5.3,13,18,4,5,0.72,19.1,1.15,16,2,0,0.11,0.24,1,0,54.6,True
6,Wheat,60.0,9,15,3,4,0.74,12.1,1.14,10,5,1,0.13,0.28,1,0,35.5,True
5,Cotton,36.8,18,19,2,2,0.71,10.5,1.14,14,6,1,0.1,1.26,1,0,89.1,True
2,Paddy,52.1,8,16,1,3,0.79,15.5,0.94,15,6,1,0.1,1.46,0,1,161.6,True
1,Maize,7.9,13,15,3,3,0.81,12.8,0.99,14,5,1,0.1,0.9,1,0,54.1,True
3,Mustard,17.9,7,8,2,3,0.84,12.2,0.98,9,0,0,0.17,0.3,0,1,61.7,True
10,Wheat,52.3,11,18,1,3,0.8,18.3,0.86,14,3,1,0.08,-0.32,0,1,256.2,True
10,Wheat,15.4,17,27,4,5,0.76,19.1,1.19,10,3,1,0.07,-0.39,1,0,72.3,True
2,Cotton,16.5,22,24,2,3,0.75,18.8,0.97,15,4,1,0.17,-0.34,1,0,213.6,True
4,Paddy,13.1,24,33,3,4,0.84,19.8,1.1,12,4,0,0.19,-0.2,1,0,147.6,True
8,Paddy,44.2,30,38,1,2,0.82,14.0,1.12,13,5,0,0.16,-0.13,0,1,396.1,True
6,Cotton,42.6,11,15,3,3,0.76,19.5,0.82,8,4,0,0.17,1.14,0,1,113.1,True
6,Cotton,49.6,16,16,3,4,0.9,13.8,1.05,8,6,0,0.06,1.38,1,0,75.4,True
1,Paddy,31.6,11,17,2,3,0.71,19.6,0.81,12,1,0,0.08,0.5,1,0,128.6,True
7,Maize,31.3,11,17,1,2,0.99,18.0,0.88,13,3,0,0.13,0.58,1,0,227.1,True
9,Cotton,51.2,25,31,4,6,0.94,10.4,1.18,13,4,0,0.1,1.16,0,1,79.3,True
7,Mustard,12.3,9,10,2,4,0.94,16.7,0.95,8,2,0,0.15,-0.08,1,0,83.5,True
4,Mustard,42.0,1,6,4,6,0.91,13.0,1.1,11,5,1,0.15,0.51,1,0,9.6,True
5,Paddy,20.4,26,36,4,6,0.97,18.3,0.9,9,1,0,0.12,1.37,1,0,131.4,True
7,Cotton,6.8,30,39,3,5,0.96,10.8,1.13,12,1,0,0.1,1.19,1,0,89.7,True
2,Mustard,59.8,15,23,2,2,0.77,17.4,0.92,11,6,1,0.19,0.9,1,0,142.8,True
1,Cotton,8.9,19,24,1,3,0.76,16.5,1.01,15,3,1,0.08,-0.22,1,0,312.9,True
6,Paddy,55.2,5,10,2,3,0.75,19.4,0.86,14,1,1,0.11,0.36,1,0,56.4,True
1,Paddy,20.2,14,21,2,2,0.73,19.4,0.94,10,4,1,0.12,-0.08,0,1,166.8,True
2,Paddy,25.4,22,27,4,6,0.91,15.6,0.87,12,2,0,0.07,0.36,1,0,96.2,True
8,Wheat,44.5,13,23,4,5,0.71,15.7,0.87,14,1,1,0.13,0.79,1,0,56.8,True
6,Wheat,11.0,27,37,4,4,0.8,11.4,0.86,12,0,0,0.09,1.3,0,1,111.7,True
4,Paddy,38.0,6,10,1,3,0.84,16.4,1.11,12,1,0,0.08,0.16,0,1,111.9,True
7,Maize,17.8,26,30,3,5,0.73,12.0,1.01,16,1,0,0.15,1.41,1,0,107.6,True
6,Wheat,38.5,4,12,3,5,0.93,16.5,0.93,15,5,1,0.09,0.73,1,0,21.5,True
6,Maize,14.7,7,7,3,4,0.88,11.4,1.01,13,0,0,0.05,0.24,1,0,25.7,True
2,Cotton,55.5,27,37,1,1,0.72,13.0,0.88,15,2,1,0.18,1.45,1,0,396.2,True
10,Mustard,59.7,14,14,4,6,0.88,12.4,1.03,13,2,0,0.15,0.54,1,0,38.6,True
6,Wheat,8.7,26,31,3,5,0.89,13.8,1.09,9,1,0,0.12,1.34,1,0,109.8,True
7,Maize,22.0,17,25,1,1,0.74,16.1,0.95,10,3,1,0.07,-0.1,1,0,290.7,True
10,Mustard,34.4,15,18,3,3,0.81,13.3,0.84,17,6,0,0.09,0.52,1,0,77.3,True
10,Mustard,45.4,19,27,1,2,0.78,14.7,1.11,14,6,1,0.19,-0.35,1,0,250.9,True
1,Paddy,44.6,17,19,1,1,0.72,15.1,1.12,11,4,1,0.11,-0.33,1,0,229.7,True
7,Wheat,47.9,28,37,3,4,0.92,15.9,0.93,15,6,1,0.07,0.27,1,0,158.2,True
5,Cotton,11.9,29,39,4,5,0.9,14.9,1.13,17,6,0,0.14,1.44,1,0,99.6,True
6,Cotton,20.4,14,14,3,3,0.81,12.3,1.07,17,0,0,0.19,-0.1,0,1,80.4,True
7,Mustard,12.0,3,3,1,1,0.88,14.2,0.82,15,4,1,0.17,-0.17,1,0,53.1,True
7,Cotton,21.8,22,32,3,3,0.86,18.0,1.15,15,2,1,0.1,-0.15,1,0,112.9,True
10,Mustard,21.2,4,12,3,5,0.71,10.7,0.81,8,4,0,0.17,-0.22,0,1,41.4,True
10,Cotton,19.4,15,15,1,1,0.72,11.1,0.97,10,5,1,0.14,0.37,1,0,172.5,True
10,Paddy,22.0,25,32,1,3,0.7,16.5,1.14,17,1,0,0.09,-0.18,1,0,360.8,True
10,Wheat,13.6,5,15,3,3,0.76,12.1,1.15,12,4,0,0.1,0.26,0,1,46.7,True
3,Cotton,47.9,20,21,3,3,0.7,13.4,1.06,14,0,1,0.17,-0.07,1,0,84.8,True
5,Wheat,12.5,19,24,1,1,0.9,17.6,0.89,17,5,0,0.1,-0.1,0,1,398.6,True
4,Cotton,45.7,14,23,2,2,0.87,12.0,0.82,13,5,0,0.12,0.8,0,1,124.9,True
3,Mustard,43.3,0,8,3,3,0.88,19.3,0.93,14,3,1,0.09,-0.44,1,0,3.0,True
9,Maize,31.9,18,20,1,2,0.88,15.1,1.15,9,1,0,0.2,0.48,0,1,264.5,True
2,Paddy,54.0,22,31,4,5,0.85,10.1,1.18,16,3,0,0.18,0.91,1,0,45.0,True
8,Paddy,44.5,13,23,4,6,0.91,18.6,1.16,17,0,0,0.11,0.8,0,1,80.4,True
10,Wheat,10.2,16,21,4,5,0.79,13.9,1.07,8,6,0,0.07,1.04,1,0,58.7,True
6,Cotton,19.0,19,29,4,5,0.77,17.2,0.8,13,2,0,0.13,1.22,0,1,132.7,True
9,Paddy,10.5,26,33,2,2,0.87,14.2,1.07,10,5,1,0.12,0.74,1,0,172.4,True
8,Mustard,37.5,7,16,2,3,0.97,19.4,1.13,8,4,0,0.06,-0.1,0,1,83.0,True
6,Paddy,5.2,25,33,4,5,0.78,19.7,1.14,16,1,0,0.18,1.41,1,0,105.2,True
5,Maize,59.5,26,33,2,4,0.75,12.1,1.09,16,2,0,0.16,0.14,1,0,144.4,True
10,Cotton,51.8,25,25,2,2,0.8,14.3,1.19,8,2,0,0.2,0.66,1,0,150.0,True
3,Paddy,36.8,16,25,1,1,0.93,19.3,1.08,11,1,1,0.11,0.37,0,1,312.6,True
4,Wheat,40.1,19,24,1,2,0.83,18.4,0.82,14,6,1,0.17,0.26,1,0,427.4,True
2,Wheat,35.0,25,33,3,3,0.89,15.9,1.19,8,2,0,0.16,1.14,0,1,136.6,True
10,Wheat,36.9,26,30,4,4,0.79,16.9,0.84,10,6,1,0.08,1.41,0,1,158.6,True
2,Maize,23.9,19,25,4,6,0.92,18.1,0.92,17,6,0,0.07,0.46,0,1,119.7,True
2,Mustard,32.3,1,1,3,5,0.71,18.0,0.82,16,6,0,0.08,0.63,0,1,27.4,True
7,Cotton,52.1,3,3,1,3,0.73,13.1,0.97,9,1,0,0.07,-0.47,1,0,39.2,True
7,Cotton,43.3,29,35,4,6,0.88,13.6,0.88,14,6,1,0.08,0.79,0,1,137.2,True
8,Paddy,45.0,21,24,3,3,0.8,11.0,1.15,14,6,1,0.12,1.18,1,0,64.5,True
8,Paddy,57.4,9,11,1,2,0.94,13.7,0.97,11,6,1,0.14,0.46,0,1,149.3,True
4,Wheat,53.2,9,14,1,1,0.95,13.7,1.1,15,5,1,0.16,0.91,1,0,112.2,True
6,Paddy,43.5,13,22,3,5,0.82,11.9,1.09,10,5,1,0.07,1.09,1,0,41.0,True
7,Maize,43.0,30,35,3,5,0.89,11.8,1.0,16,3,0,0.17,-0.32,1,0,117.4,True
4,Paddy,22.6,24,24,1,1,0.88,14.3,0.97,9,6,0,0.17,1.22,1,0,349.2,True
4,Paddy,52.5,25,25,4,4,0.91,20.0,1.04,17,4,0,0.09,1.06,1,0,116.2,True
10,Maize,49.6,2,10,3,5,0.86,18.4,0.81,16,1,0,0.07,1.28,1,0,9.7,True
8,Paddy,47.9,28,31,1,2,0.81,12.0,0.95,16,6,0,0.08,-0.21,0,1,381.9,True
7,Cotton,40.8,2,4,2,4,0.81,10.3,1.19,9,4,0,0.13,0.54,1,0,7.8,True
10,Paddy,40.9,23,23,4,5,0.72,17.2,1.06,12,4,0,0.19,1.48,0,1,113.2,True
3,Wheat,24.5,23,29,4,6,0.89,15.5,1.02,14,5,1,0.18,0.21,1,0,90.5,True
1,Cotton,11.2,16,17,4,6,0.91,16.6,1.11,15,6,1,0.17,-0.09,1,0,59.8,True
3,Cotton,18.3,4,8,2,2,0.9,12.2,0.99,14,6,1,0.16,0.78,1,0,21.8,True
3,Cotton,20.3,27,29,3,5,0.76,17.6,0.88,14,0,1,0.14,0.03,0,1,204.5,True
3,Paddy,31.2,23,23,4,5,0.88,18.0,1.2,8,5,0,0.12,0.13,1,0,87.4,True
8,Paddy,12.2,16,23,4,4,0.94,13.9,1.04,9,6,0,0.08,0.05,0,1,77.5,True
3,Wheat,28.1,23,26,2,3,0.87,14.1,0.97,15,1,1,0.08,0.35,0,1,191.3,True
10,Wheat,10.4,2,6,2,4,0.81,18.1,0.98,9,2,0,0.05,0.18,1,0,17.8,True
4,Maize,39.3,10,17,1,2,0.87,16.3,0.84,16,3,0,0.12,1.47,1,0,196.7,True
8,Mustard,53.9,1,5,3,5,0.88,16.6,0.92,15,5,1,0.19,1.33,1,0,7.5,True
7,Wheat,28.3,10,10,3,4,0.82,18.5,0.89,12,1,0,0.18,1.01,0,1,94.2,True
4,Cotton,6.3,26,32,1,2,0.86,15.8,1.01,8,3,0,0.15,0.39,1,0,411.4,True
7,Paddy,6.2,5,11,3,5,0.98,12.1,1.09,16,1,0,0.16,1.12,1,0,21.3,True
3,Cotton,11.2,22,22,4,6,0.78,19.8,0.9,15,1,1,0.11,0.96,1,0,122.3,True
5,Wheat,48.8,19,27,1,1,0.85,18.3,1.16,17,1,0,0.13,0.5,0,1,323.6,True
3,Paddy,29.4,6,11,2,4,0.85,17.9,1.07,11,3,1,0.07,-0.24,1,0,54.2,True
7,Paddy,49.3,11,19,4,6,0.77,19.4,1.13,14,5,1,0.14,1.11,1,0,48.3,True
7,Maize,52.0,0,9,4,6,0.75,13.4,1.18,12,2,0,0.05,0.28,1,0,3.0,True
3,Mustard,53.0,4,7,1,2,0.85,17.1,1.0,13,0,0,0.12,-0.35,0,1,98.0,True
3,Maize,57.5,19,28,1,2,0.92,11.5,1.04,11,4,1,0.07,0.32,1,0,210.0,True
8,Maize,15.6,29,37,2,3,0.79,16.2,0.94,12,4,0,0.11,0.99,1,0,250.6,True
6,Wheat,57.6,22,27,4,5,0.74,16.3,0.95,17,1,0,0.07,0.87,1,0,92.8,True
6,Mustard,21.6,9,16,2,2,0.84,15.0,1.08,12,6,0,0.1,1.46,1,0,61.9,True
3,Wheat,8.5,7,10,4,4,0.82,12.1,0.97,12,2,0,0.06,-0.18,0,1,48.9,True
1,Mustard,48.0,5,8,3,5,0.99,11.3,1.05,15,5,1,0.2,0.53,1,0,22.3,True
9,Paddy,59.4,13,20,1,2,0.75,19.2,1.06,17,4,0,0.07,0.79,0,1,261.6,True
3,Mustard,9.4,22,30,1,3,0.71,16.9,0.98,11,5,1,0.17,0.44,1,0,376.9,True
8,Wheat,12.6,29,32,1,2,0.74,14.5,0.99,17,6,0,0.14,-0.21,1,0,421.4,True
1,Mustard,45.4,9,14,1,2,0.83,17.5,0.89,11,0,1,0.15,0.39,1,0,171.4,True
9,Wheat,36.9,29,38,3,4,0.92,14.9,0.97,12,1,0,0.08,0.53,0,1,177.4,True
9,Paddy,10.8,9,9,2,3,0.91,13.2,1.11,10,2,1,0.1,-0.0,0,1,81.9,True
9,Cotton,18.0,23,26,2,3,0.79,11.0,0.85,13,2,0,0.05,1.35,1,0,146.0,True
7,Cotton,9.2,5,12,4,6,0.75,13.9,0.9,14,3,1,0.07,-0.19,1,0,23.1,True
10,Maize,54.4,17,23,4,6,0.95,10.9,0.87,16,2,0,0.11,1.43,1,0,51.9,True
6,Maize,42.0,6,9,2,3,0.94,14.7,0.9,8,5,0,0.13,0.12,1,0,50.0,True
1,Paddy,43.7,15,23,4,6,0.92,14.0,1.06,10,4,1,0.17,1.13,1,0,47.9,True
1,Mustard,50.3,10,12,2,3,0.75,14.0,0.96,16,3,0,0.16,0.39,1,0,71.0,True
4,Cotton,15.1,2,2,3,3,0.82,18.5,0.97,15,2,1,0.11,0.05,1,0,12.9,True
9,Wheat,11.3,28,33,4,5,0.83,15.1,0.86,12,4,0,0.12,0.81,0,1,155.4,True
6,Cotton,34.1,20,20,3,4,0.73,13.1,0.87,12,4,0,0.16,0.23,1,0,104.6,True
9,Wheat,43.2,16,26,1,2,0.86,17.4,1.08,15,5,1,0.15,0.39,0,1,282.9,True
9,Cotton,5.7,1,8,1,3,0.77,16.5,1.19,9,0,0,0.08,0.24,0,1,36.8,True
1,Paddy,19.8,25,25,2,4,0.99,19.3,0.91,12,0,0,0.1,-0.13,1,0,269.0,True
10,Paddy,9.7,27,32,1,3,0.89,16.6,1.13,13,3,0,0.13,-0.2,0,1,423.8,True
3,Mustard,58.3,28,36,2,2,0.81,11.3,1.01,15,2,1,0.06,0.93,1,0,152.8,True
9,Mustard,16.3,7,11,1,2,0.92,10.2,1.04,16,6,0,0.08,-0.4,1,0,68.0,True
8,Cotton,27.5,26,26,3,3,0.98,14.4,1.06,11,6,1,0.16,0.87,1,0,116.9,True
3,Maize,22.3,4,9,1,3,0.76,13.5,1.04,12,3,0,0.08,0.07,1,0,49.9,True
7,Paddy,48.4,6,11,1,1,0.74,19.8,0.85,14,6,1,0.05,0.13,0,1,164.8,True
8,Maize,53.8,21,30,3,5,0.76,10.5,1.16,12,4,0,0.15,0.89,1,0,64.1,True
9,Mustard,7.0,28,30,2,4,0.87,18.1,1.14,15,6,1,0.17,1.12,0,1,252.2,True
9,Mustard,16.8,7,9,2,2,0.92,11.3,1.11,14,6,1,0.1,0.19,1,0,37.6,True
2,Paddy,28.3,14,19,2,4,0.94,18.6,1.19,15,3,1,0.07,-0.49,0,1,130.7,True
1,Cotton,21.9,0,8,4,4,0.91,10.7,1.06,17,3,0,0.07,-0.47,1,0,3.0,True
2,Cotton,5.3,25,33,2,2,0.85,12.1,0.93,17,4,0,0.2,1.08,1,0,159.8,True
1,Cotton,22.3,14,21,4,6,0.85,15.7,0.91,9,5,0,0.11,0.61,1,0,63.7,True
9,Mustard,34.8,27,29,2,3,0.76,16.9,1.12,13,3,0,0.19,0.6,1,0,203.5,True
6,Wheat,16.2,18,25,2,3,0.97,14.7,1.06,12,1,0,0.13,0.84,1,0,119.7,True
4,Maize,26.1,4,14,1,3,0.87,14.0,1.04,10,5,1,0.13,0.88,0,1,79.7,True
7,Mustard,52.5,16,18,1,2,0.8,14.7,1.16,12,0,0,0.05,1.28,1,0,199.4,True
9,Wheat,18.8,28,29,1,3,0.98,10.6,0.82,15,6,1,0.12,0.42,0,1,389.1,True
10,Maize,35.0,7,9,1,2,0.76,10.2,1.19,10,5,1,0.17,0.95,1,0,61.0,True
7,Mustard,54.8,12,22,1,1,0.95,10.6,1.05,8,4,0,0.07,0.43,0,1,142.7,True
7,Wheat,33.2,25,31,3,5,0.71,18.7,0.96,11,6,1,0.1,0.33,1,0,167.2,True
3,Mustard,6.1,29,29,3,3,0.89,13.1,0.95,10,1,1,0.16,0.53,1,0,134.5,True
4,Mustard,21.6,3,10,1,3,0.75,19.5,1.13,10,1,1,0.16,0.24,1,0,47.6,True
10,Wheat,37.0,13,14,3,5,0.92,15.5,1.03,11,6,1,0.18,0.05,1,0,63.5,True
4,Mustard,34.8,11,20,2,3,0.89,11.9,0.9,14,2,1,0.19,0.87,0,1,97.7,True
5,Mustard,18.0,14,20,4,6,0.8,12.3,0.82,17,1,0,0.19,-0.48,1,0,56.1,True
10,Paddy,35.0,30,37,2,2,0.73,13.7,1.0,10,5,1,0.13,-0.25,1,0,207.1,True
1,Maize,11.4,25,32,1,1,0.96,14.1,1.17,11,6,1,0.17,0.74,1,0,298.2,True
4,Cotton,44.6,29,35,3,4,0.79,10.1,1.16,17,3,0,0.18,1.45,0,1,106.2,True
3,Maize,43.3,21,21,3,4,0.74,13.4,0.84,15,5,1,0.07,0.95,1,0,109.6,True
9,Paddy,29.9,23,33,4,5,0.83,12.4,1.16,15,1,1,0.19,0.43,1,0,61.4,True
1,Maize,52.5,20,21,4,4,0.94,10.1,1.11,14,4,1,0.09,-0.21,1,0,43.5,True
7,Mustard,24.3,16,19,3,3,0.78,18.8,1.12,11,0,1,0.11,0.3,1,0,86.0,True
10,Cotton,51.2,5,7,4,4,0.94,12.4,1.04,8,2,0,0.05,-0.06,1,0,16.5,True
10,Wheat,57.0,28,34,2,2,0.96,18.8,0.88,16,3,0,0.17,0.52,0,1,326.1,True
4,Maize,45.3,29,33,1,3,0.77,14.4,0.89,16,4,0,0.08,0.08,0,1,491.9,True
5,Paddy,28.9,14,24,4,4,0.87,11.0,1.19,10,4,1,0.14,0.8,1,0,28.3,True
4,Paddy,40.1,4,9,1,2,0.76,15.9,0.85,13,2,0,0.12,0.33,1,0,75.7,True
3,Mustard,13.9,7,14,1,1,0.91,12.0,0.97,14,4,1,0.12,0.63,0,1,111.7,True
9,Wheat,21.7,20,25,3,3,0.89,12.4,0.86,12,5,0,0.11,0.66,0,1,121.8,True
8,Paddy,55.6,19,23,4,5,0.96,19.2,0.87,13,4,0,0.06,-0.26,0,1,123.8,True
8,Paddy,51.9,22,25,4,6,0.74,17.0,1.13,17,3,0,0.19,0.23,1,0,83.1,True
3,Mustard,39.4,30,33,2,3,0.88,15.5,0.85,9,0,0,0.19,0.88,1,0,272.7,True
2,Wheat,39.0,30,34,4,4,0.74,18.4,1.14,13,2,0,0.07,-0.23,0,1,143.2,True
2,Mustard,11.4,24,24,4,4,0.81,11.4,1.12,12,0,0,0.06,1.34,1,0,64.8,True
3,Maize,13.9,8,17,1,3,0.9,16.6,0.93,13,3,0,0.14,1.4,1,0,146.8,True
7,Wheat,32.8,27,31,4,6,0.71,17.5,1.11,12,4,0,0.06,0.7,1,0,110.0,True
3,Wheat,44.7,17,23,2,2,0.79,18.0,0.91,12,5,0,0.1,-0.39,1,0,170.7,True
7,Maize,24.6,6,16,1,2,0.78,11.0,1.14,8,4,0,0.06,-0.25,1,0,53.8,True
10,Wheat,20.3,0,9,2,4,0.79,11.4,0.82,13,3,0,0.14,0.34,1,0,3.5,True
1,Cotton,48.1,25,32,1,3,0.97,12.3,0.99,10,1,1,0.09,0.36,1,0,308.1,True
2,Maize,47.9,7,10,3,4,0.77,14.5,1.1,14,4,1,0.05,0.31,1,0,31.2,True
5,Paddy,57.9,15,20,3,5,0.82,18.9,1.04,14,5,1,0.12,-0.13,1,0,91.0,True
8,Mustard,35.5,16,17,3,5,0.75,19.2,0.85,17,0,0,0.09,-0.04,1,0,117.3,True
10,Cotton,13.6,9,19,4,4,0.96,14.8,1.2,11,1,1,0.1,-0.38,1,0,27.1,True
4,Cotton,7.5,6,8,3,3,0.87,15.8,0.87,11,2,1,0.15,-0.37,1,0,31.8,True
2,Maize,53.5,25,29,3,4,0.95,10.1,1.03,13,0,0,0.12,0.65,0,1,105.7,True
2,Paddy,16.6,4,7,3,5,0.85,11.3,0.93,8,5,0,0.14,1.25,1,0,15.6,True
3,Mustard,34.3,7,12,1,1,0.92,15.5,0.94,8,2,0,0.06,-0.05,0,1,142.7,True
2,Maize,5.6,4,10,4,5,0.75,16.4,1.18,12,0,0,0.11,0.38,1,0,14.9,True
2,Cotton,22.0,21,24,2,3,0.72,17.4,1.03,10,2,1,0.05,0.54,1,0,179.8,True
2,Paddy,39.6,8,12,1,1,0.7,12.2,0.87,17,6,0,0.09,0.05,0,1,137.5,True
8,Cotton,54.2,0,10,4,5,0.83,12.2,1.1,16,5,0,0.13,0.67,1,0,3.0,True
9,Cotton,41.0,6,13,3,5,0.86,15.9,0.83,10,1,1,0.14,0.34,1,0,40.9,True
4,Mustard,9.3,13,20,1,3,0.72,15.7,1.13,16,0,0,0.15,-0.44,1,0,187.3,True
2,Wheat,6.1,11,18,2,4,0.71,10.5,0.86,11,2,1,0.19,1.25,1,0,69.1,True
1,Wheat,37.8,30,33,2,2,0.73,16.8,1.05,12,1,0,0.14,1.27,1,0,238.3,True
2,Wheat,46.0,24,33,2,3,0.86,12.7,1.18,9,2,0,0.2,-0.11,0,1,156.7,True
7,Maize,42.4,21,29,2,4,0.74,19.5,1.1,14,5,1,0.16,0.27,1,0,187.5,True
7,Wheat,51.0,28,33,2,4,1.0,12.8,0.83,14,6,1,0.12,0.1,1,0,220.6,True
10,Mustard,43.0,1,6,4,6,0.71,10.1,0.9,13,3,0,0.09,0.6,1,0,3.0,True
4,Wheat,39.4,20,30,1,3,0.76,14.0,0.82,15,6,1,0.16,0.14,1,0,338.0,True
5,Paddy,39.0,0,6,4,6,0.85,12.2,0.85,11,4,1,0.13,0.97,1,0,3.0,True
8,Mustard,6.1,13,19,2,3,0.97,10.6,1.0,12,0,0,0.1,-0.29,1,0,69.2,True
5,Maize,42.0,1,2,4,6,0.98,15.8,1.05,17,5,0,0.15,1.32,1,0,9.2,True
5,Cotton,44.8,1,7,3,3,0.97,19.4,1.17,15,3,1,0.07,-0.46,0,1,33.8,True
8,Cotton,31.0,30,40,1,1,0.88,14.0,0.87,12,4,0,0.07,0.34,1,0,488.4,True
2,Paddy,51.2,2,3,1,2,0.96,14.6,1.04,12,3,0,0.07,0.24,1,0,31.5,True
4,Cotton,29.2,26,35,4,5,0.77,10.4,1.0,10,1,1,0.18,1.42,1,0,64.0,True
10,Cotton,49.2,26,31,1,3,0.86,12.5,0.91,17,0,0,0.11,0.45,1,0,354.6,True
8,Paddy,31.8,13,19,3,3,0.86,11.5,1.15,9,1,0,0.15,0.74,1,0,42.5,True
5,Cotton,46.8,18,19,4,4,0.83,18.1,0.8,10,1,1,0.08,1.12,1,0,101.7,True
2,Mustard,24.4,2,7,3,5,0.84,19.9,1.02,11,0,1,0.17,1.27,1,0,16.1,True
1,Mustard,15.3,17,19,2,3,0.82,17.9,1.14,14,4,1,0.13,0.96,1,0,135.8,True
2,Cotton,15.4,27,33,4,4,0.88,12.2,0.85,14,3,1,0.06,0.63,1,0,93.2,True
8,Mustard,43.6,9,9,2,2,0.84,11.2,0.89,13,1,0,0.1,0.93,1,0,55.1,True
6,Cotton,60.0,16,19,4,5,0.79,11.1,1.0,15,6,1,0.14,0.44,1,0,49.0,True
3,Paddy,57.7,24,24,1,1,0.92,16.8,0.86,15,6,1,0.14,1.5,1,0,467.9,True
4,Paddy,49.8,19,23,4,6,0.97,14.9,1.01,13,6,0,0.16,0.53,1,0,70.6,True
4,Wheat,30.8,29,29,1,1,0.9,14.7,0.89,13,0,0,0.12,0.7,1,0,478.6,True
6,Wheat,54.6,11,17,4,4,0.92,10.1,1.07,10,5,1,0.16,-0.47,0,1,51.3,True
4,Cotton,36.2,3,7,4,6,0.74,16.0,0.82,11,6,1,0.1,0.41,0,1,41.4,True
9,Maize,22.8,8,13,1,1,0.76,15.0,1.06,11,1,1,0.07,1.2,1,0,114.2,True
5,Cotton,16.0,20,26,2,3,0.89,10.4,1.08,9,4,0,0.1,1.31,1,0,94.2,True
6,Maize,9.9,28,30,3,3,0.86,10.6,0.95,16,2,0,0.1,0.37,0,1,127.3,True
5,Mustard,25.3,15,17,2,4,0.82,14.4,1.06,10,6,1,0.19,0.15,0,1,126.2,True
10,Wheat,30.1,17,17,3,4,0.77,16.4,1.03,13,0,0,0.12,-0.04,1,0,93.0,True
9,Wheat,9.5,20,28,1,2,0.98,12.4,0.86,16,5,0,0.17,0.29,0,1,318.2,True
4,Mustard,38.0,6,7,3,4,0.74,11.2,0.98,14,0,1,0.13,0.68,0,1,48.9,True
8,Mustard,25.8,18,19,1,2,0.73,14.0,1.03,10,2,1,0.1,0.14,1,0,252.5,True
8,Paddy,58.0,7,13,4,5,0.73,11.7,0.8,13,6,0,0.11,0.16,1,0,24.1,True
3,Maize,9.1,10,15,4,4,0.76,15.7,1.19,12,2,0,0.13,-0.36,0,1,57.6,True
10,Cotton,15.0,2,12,3,5,0.77,14.7,1.17,15,6,1,0.1,-0.12,1,0,11.9,True
1,Wheat,12.5,0,8,2,4,0.73,12.5,1.07,10,5,1,0.07,0.93,1,0,9.6,True
1,Wheat,14.0,19,27,2,4,0.99,17.1,0.95,11,4,1,0.19,1.15,1,0,175.3,True
5,Mustard,29.0,22,24,4,4,0.98,19.3,0.99,9,1,0,0.08,-0.17,1,0,102.8,True
6,Paddy,13.6,7,10,3,4,0.74,12.9,0.97,11,1,1,0.07,0.84,0,1,51.0,True
7,Wheat,41.2,3,6,1,3,0.88,12.0,1.11,17,3,0,0.06,-0.01,1,0,38.3,True
10,Cotton,40.6,23,27,3,5,0.89,11.1,1.14,8,6,0,0.12,0.78,1,0,77.4,True
3,Wheat,27.0,14,23,3,3,0.92,13.2,0.96,16,0,0,0.08,0.81,1,0,65.3,True
7,Paddy,48.1,16,16,2,4,0.85,12.4,1.01,13,1,0,0.13,0.14,1,0,92.4,True
4,Maize,25.3,9,10,4,6,0.83,17.5,0.87,17,1,0,0.07,0.86,0,1,70.5,True
4,Cotton,5.7,27,28,2,2,0.88,16.2,0.97,17,5,0,0.08,-0.21,0,1,250.1,True
8,Paddy,10.7,26,30,1,1,0.75,10.9,1.1,16,5,0,0.19,1.4,1,0,256.7,True
5,Paddy,36.3,24,28,1,3,0.8,18.6,0.92,11,3,1,0.12,0.18,1,0,483.0,True
8,Paddy,21.1,17,17,3,5,0.78,10.9,1.02,9,2,0,0.14,0.38,1,0,61.6,True
8,Cotton,55.8,21,29,1,1,0.88,11.6,0.9,8,6,0,0.13,1.44,1,0,267.6,True
9,Paddy,10.5,3,13,4,6,1.0,18.6,1.19,9,6,0,0.09,0.73,0,1,38.6,True
2,Wheat,35.4,3,7,4,6,0.96,13.8,1.01,10,4,1,0.12,1.22,0,1,38.6,True
5,Mustard,35.6,19,27,1,3,0.77,16.9,0.81,16,0,0,0.08,0.01,1,0,390.8,True
10,Maize,40.6,10,18,2,3,0.87,19.6,0.87,8,6,0,0.05,1.49,1,0,115.2,True
9,Mustard,48.3,28,29,3,4,0.93,10.9,1.11,17,0,0,0.07,1.05,0,1,112.3,True
9,Wheat,18.8,7,17,4,6,0.71,10.5,0.87,15,6,1,0.13,-0.17,1,0,18.9,True
2,Wheat,29.7,25,26,3,4,0.78,17.9,0.93,10,3,1,0.08,0.79,1,0,164.9,True
6,Mustard,8.9,19,29,3,5,0.83,10.4,0.94,8,6,0,0.13,0.66,1,0,68.9,True
10,Cotton,17.0,15,18,2,3,0.78,13.1,0.83,9,5,0,0.17,-0.29,1,0,116.1,True
2,Wheat,54.5,16,22,1,2,0.75,16.3,1.1,14,6,1,0.17,0.01,1,0,236.2,True
9,Maize,8.3,24,32,1,1,0.91,18.5,1.17,14,0,1,0.14,0.78,1,0,385.7,True
7,Mustard,56.2,30,33,3,3,0.86,17.2,0.94,16,3,0,0.09,1.41,0,1,212.1,True
8,Cotton,11.2,16,20,3,4,0.81,17.2,1.1,14,4,1,0.12,0.29,0,1,106.0,True
7,Wheat,8.1,14,18,3,3,0.94,17.6,0.83,17,6,0,0.17,-0.49,1,0,103.3,True
9,Cotton,19.6,21,31,4,6,0.89,17.0,1.17,9,1,0,0.12,1.29,0,1,101.2,True
10,Cotton,36.6,13,18,4,5,0.83,17.9,0.93,15,6,1,0.08,0.5,1,0,60.7,True
4,Maize,5.1,15,25,2,2,0.79,14.9,1.05,15,3,1,0.17,1.05,1,0,104.9,True
4,Maize,17.3,23,23,2,4,0.85,16.4,1.06,14,0,1,0.13,0.46,1,0,175.1,True
5,Mustard,8.8,21,24,2,4,0.86,12.8,0.93,11,4,1,0.07,0.06,1,0,143.9,True
7,Paddy,18.0,5,6,1,1,0.92,13.0,0.82,13,4,0,0.12,-0.13,1,0,84.0,True
3,Mustard,29.2,5,15,2,4,0.91,19.2,0.84,8,1,0,0.07,-0.38,1,0,51.3,True
6,Wheat,58.2,12,18,4,5,0.86,14.3,1.17,14,5,1,0.11,-0.24,1,0,40.8,True
8,Cotton,15.1,8,14,2,2,0.83,12.0,0.95,10,6,1,0.06,-0.08,0,1,78.1,True
4,Paddy,38.0,12,18,1,3,0.76,13.5,1.05,10,0,1,0.19,0.42,1,0,156.4,True
1,Wheat,58.7,20,29,2,2,0.8,15.5,0.81,15,5,1,0.08,-0.48,0,1,213.9,True
9,Paddy,27.0,21,22,3,5,0.88,16.5,1.16,13,6,0,0.17,0.35,1,0,97.5,True
2,Mustard,18.2,4,11,3,4,0.79,17.0,0.96,11,3,1,0.08,0.44,0,1,49.8,True
2,Paddy,46.9,13,20,2,3,0.82,13.5,0.86,16,1,0,0.12,0.98,0,1,130.2,True
5,Wheat,57.7,6,16,1,3,0.89,12.5,0.82,11,1,1,0.05,0.79,1,0,88.5,True
2,Maize,47.6,23,28,2,2,0.99,12.3,0.91,14,5,1,0.16,-0.35,1,0,156.5,True
10,Wheat,26.2,15,15,3,5,0.9,11.0,0.9,10,0,1,0.18,0.1,1,0,58.7,True
4,Cotton,21.6,17,21,1,2,0.7,18.9,0.83,12,0,0,0.11,-0.33,1,0,390.1,True
1,Mustard,29.8,8,13,4,5,0.78,13.0,1.14,17,5,0,0.11,0.47,0,1,45.9,True
7,Paddy,32.3,14,15,1,2,0.79,19.5,0.8,13,5,0,0.13,1.14,1,0,339.1,True
3,Wheat,33.9,10,10,3,4,1.0,13.4,0.86,14,5,1,0.1,0.33,1,0,50.3,True
10,Mustard,59.5,5,10,1,3,0.93,11.5,1.16,14,4,1,0.19,1.41,1,0,51.6,True
3,Paddy,15.6,30,30,3,4,0.98,18.4,1.0,16,6,0,0.09,1.05,0,1,210.3,True
7,Mustard,36.9,24,27,4,6,0.83,19.4,0.96,8,4,0,0.05,0.99,0,1,143.2,True
6,Paddy,22.3,19,24,2,3,0.92,18.8,0.93,14,2,1,0.17,-0.27,1,0,188.0,True
1,Cotton,50.1,20,28,2,4,0.84,19.2,1.1,13,6,0,0.17,-0.39,1,0,175.7,True
5,Cotton,16.9,10,11,1,3,0.77,16.0,0.88,8,1,0,0.08,0.9,1,0,184.2,True
4,Paddy,40.5,22,30,4,4,0.8,18.3,0.9,9,0,0,0.07,0.76,1,0,112.9,True
3,Paddy,56.5,14,16,3,3,0.74,16.3,0.86,10,6,1,0.15,1.05,1,0,94.0,True
5,Maize,38.8,2,2,2,2,0.72,10.9,1.02,16,1,0,0.16,1.19,1,0,8.6,True
8,Maize,39.2,29,38,2,3,0.79,10.7,0.83,9,2,0,0.17,0.5,1,0,187.6,True
3,Cotton,40.3,17,18,2,4,0.74,16.6,1.04,10,6,1,0.18,-0.03,1,0,136.9,True
9,Wheat,30.0,28,36,3,3,0.74,10.6,1.19,17,4,0,0.15,0.93,0,1,108.0,True
4,Cotton,33.3,14,21,1,3,0.88,17.3,1.17,13,6,0,0.11,-0.42,1,0,214.5,True
6,Wheat,50.5,5,14,1,2,0.9,19.4,1.1,16,4,0,0.13,-0.45,1,0,90.1,True
10,Mustard,6.9,9,11,4,5,0.7,14.8,1.18,9,2,0,0.11,1.11,1,0,31.2,True
4,Paddy,50.3,7,15,2,2,0.72,13.9,0.87,16,0,0,0.08,0.73,1,0,49.2,True
2,Cotton,7.4,2,9,1,3,0.92,12.5,1.05,11,5,1,0.06,0.68,1,0,20.8,True
7,Cotton,42.4,9,14,4,6,0.9,11.4,0.81,8,5,0,0.2,0.27,1,0,31.8,True
6,Wheat,51.1,27,35,2,2,0.89,11.0,1.04,14,1,1,0.16,-0.09,1,0,144.7,True
1,Maize,18.8,22,23,1,1,0.86,14.2,0.89,17,6,0,0.06,1.32,1,0,347.3,True
6,Paddy,35.7,3,7,2,2,0.98,13.5,1.13,12,3,0,0.14,1.44,1,0,15.9,True
10,Maize,39.5,11,16,3,5,0.78,14.3,0.93,8,1,0,0.07,1.02,1,0,56.6,True
4,Cotton,10.5,10,11,3,3,0.98,16.5,1.03,16,4,0,0.18,0.65,1,0,51.9,True
10,Maize,16.9,18,24,2,2,0.95,10.4,1.01,17,5,0,0.09,-0.18,1,0,90.0,True
10,Cotton,26.3,14,19,3,5,0.72,16.0,1.18,14,0,1,0.09,1.38,1,0,65.7,True
2,Cotton,18.9,18,23,1,2,0.91,14.1,1.06,13,3,0,0.08,-0.05,1,0,234.8,True
8,Wheat,51.7,7,14,1,1,0.85,15.2,0.9,15,1,1,0.05,1.39,1,0,116.2,True
4,Maize,21.6,20,30,3,3,0.8,19.6,1.13,16,4,0,0.16,-0.1,1,0,118.2,True
4,Paddy,50.2,7,13,1,3,0.86,18.5,0.86,17,0,0,0.06,0.13,1,0,155.4,True
1,Paddy,41.2,7,8,1,1,0.82,15.1,1.17,12,0,0,0.12,0.14,1,0,91.0,True
10,Wheat,38.1,21,24,4,6,0.76,13.3,0.96,11,4,1,0.2,-0.44,1,0,73.4,True
5,Cotton,23.6,3,3,3,3,0.86,14.8,1.04,16,4,0,0.17,-0.03,1,0,11.9,True
4,Maize,52.2,26,26,4,5,0.99,14.5,1.16,10,1,1,0.18,-0.25,0,1,105.1,True
2,Paddy,39.4,3,8,3,5,0.85,11.2,1.14,13,3,0,0.09,-0.03,0,1,32.3,True
10,Wheat,46.4,13,16,2,3,0.75,12.3,0.82,10,0,1,0.1,0.1,1,0,94.8,True
5,Wheat,19.2,25,27,3,4,0.88,16.9,0.88,8,0,0,0.14,0.87,1,0,161.1,True
7,Maize,28.8,25,33,4,6,0.88,12.7,1.04,8,2,0,0.1,0.81,1,0,78.5,True
9,Wheat,49.9,10,18,1,2,0.8,10.4,0.88,15,1,1,0.18,1.07,1,0,120.2,True
3,Mustard,56.8,24,24,2,4,0.76,13.3,1.13,14,6,1,0.18,0.87,1,0,140.4,True
10,Paddy,31.7,4,4,2,4,0.75,10.5,0.91,17,5,0,0.19,1.32,1,0,27.8,True
9,Maize,16.0,27,34,1,3,0.85,15.8,1.15,14,4,1,0.17,0.99,1,0,369.2,True
7,Cotton,57.0,28,34,3,3,0.9,15.9,1.2,16,2,0,0.12,1.26,1,0,121.3,True
4,Maize,32.2,4,5,4,6,0.8,10.1,1.17,9,0,0,0.17,-0.08,1,0,8.6,True
3,Maize,51.8,30,34,2,3,0.82,15.6,0.93,9,5,0,0.16,1.09,0,1,277.1,True
10,Cotton,28.1,26,28,4,4,0.89,14.0,1.01,12,4,0,0.11,0.68,1,0,88.7,True
4,Mustard,49.6,27,34,1,1,0.79,12.7,0.93,15,3,1,0.09,-0.48,1,0,368.8,True
2,Paddy,42.1,4,8,3,5,0.77,16.2,1.01,11,3,1,0.06,-0.25,1,0,27.4,True
1,Paddy,58.9,23,29,1,3,0.92,17.2,0.95,12,2,0,0.13,0.01,1,0,414.0,True
10,Cotton,57.5,15,24,1,3,0.97,19.6,0.85,8,2,0,0.14,-0.37,0,1,371.5,True
7,Mustard,46.5,8,17,4,6,0.97,12.8,1.06,13,5,0,0.2,0.91,1,0,23.0,True
1,Cotton,52.2,21,31,2,2,0.91,12.1,1.15,10,3,1,0.19,1.41,1,0,105.6,True
9,Maize,9.3,30,35,3,4,0.79,14.6,0.94,16,6,0,0.1,0.67,0,1,176.3,True
4,Maize,31.0,23,33,2,2,0.97,10.9,0.93,9,6,0,0.09,0.87,0,1,158.5,True
6,Maize,35.0,1,7,3,4,0.9,12.7,0.86,15,1,1,0.11,0.76,0,1,29.7,True
8,Mustard,18.2,11,14,1,3,0.93,10.6,0.82,16,0,0,0.17,0.55,1,0,143.2,True
5,Maize,23.1,20,28,1,3,0.97,12.3,1.04,8,2,0,0.2,1.34,1,0,235.3,True
8,Cotton,6.4,25,28,2,4,0.85,17.6,1.04,17,5,0,0.16,-0.37,1,0,209.5,True
7,Wheat,5.7,28,36,2,4,0.73,15.6,0.96,15,3,1,0.2,0.16,1,0,228.6,True
5,Maize,43.6,17,24,2,3,0.98,12.9,1.18,12,0,0,0.12,1.21,1,0,91.6,True
4,Wheat,27.2,9,14,1,1,0.73,19.8,0.94,17,6,0,0.15,1.2,1,0,191.6,True
1,Mustard,54.8,16,22,1,1,0.75,11.5,0.88,17,5,0,0.17,0.67,0,1,235.9,True
1,Maize,18.0,15,15,4,4,0.95,17.9,1.18,13,6,0,0.15,0.95,1,0,56.8,True
8,Paddy,50.3,1,11,2,4,0.79,18.8,0.89,12,2,0,0.17,0.11,0,1,36.2,True
10,Paddy,30.6,19,27,1,1,0.96,13.4,0.98,15,3,1,0.11,-0.14,0,1,286.7,True
8,Wheat,33.1,4,5,4,4,0.84,10.7,0.85,8,5,0,0.17,0.71,1,0,4.9,True
1,Wheat,27.0,30,38,3,5,0.73,13.1,0.93,16,0,0,0.14,1.29,1,0,137.0,True
10,Mustard,33.4,9,15,4,6,0.97,11.3,1.17,15,4,1,0.09,-0.05,1,0,20.6,True
7,Mustard,54.0,1,6,3,4,0.95,12.5,0.99,10,2,1,0.1,0.3,0,1,32.3,True
9,Wheat,40.3,4,13,2,3,0.84,13.6,0.89,10,4,1,0.09,-0.11,0,1,59.9,True
1,Mustard,7.7,12,18,3,5,0.81,14.2,0.85,11,1,1,0.16,-0.45,0,1,95.7,True
8,Maize,36.3,29,37,2,4,0.9,20.0,0.93,9,2,0,0.15,0.63,1,0,311.0,True
3,Mustard,5.2,12,19,2,3,0.79,14.9,1.19,10,6,1,0.07,0.84,1,0,78.8,True
4,Mustard,57.1,27,36,4,6,0.9,14.8,0.89,16,5,0,0.13,0.37,1,0,112.9,True
5,Cotton,51.8,9,10,1,3,0.7,17.8,1.05,8,6,0,0.13,0.98,1,0,150.5,True
2,Wheat,43.9,17,19,1,1,0.8,10.8,1.03,14,4,1,0.1,0.01,0,1,204.9,True
1,Cotton,19.9,3,7,3,3,0.9,18.2,1.08,16,3,0,0.17,0.66,1,0,11.1,True
4,Mustard,6.1,4,11,2,4,0.88,17.4,1.18,17,0,0,0.1,0.29,1,0,28.0,True
3,Cotton,50.2,27,27,1,3,0.99,14.0,0.99,13,4,0,0.06,1.21,0,1,405.3,True
7,Cotton,47.7,30,33,4,5,0.74,15.1,1.06,13,1,0,0.19,0.18,1,0,109.4,True
9,Paddy,18.3,20,29,2,3,0.72,16.5,0.84,11,6,1,0.16,1.08,1,0,199.0,True
6,Mustard,6.4,10,11,2,2,0.78,17.1,1.16,10,0,1,0.1,-0.13,1,0,72.8,True
10,Mustard,27.3,6,6,2,3,0.95,16.6,0.89,10,1,1,0.19,-0.29,1,0,55.9,True
9,Wheat,28.1,28,37,4,6,0.79,16.4,0.94,16,1,0,0.09,0.6,1,0,121.3,True
8,Maize,28.2,6,7,3,4,0.87,10.9,0.89,13,5,0,0.2,0.16,1,0,23.2,True
10,Paddy,52.2,18,26,1,1,0.75,13.4,0.92,8,4,0,0.11,1.05,1,0,262.3,True
10,Wheat,28.1,2,6,3,4,0.99,19.2,0.91,15,2,1,0.15,1.44,1,0,13.6,True
6,Wheat,40.9,24,24,1,1,0.73,19.6,1.06,12,2,0,0.11,-0.02,0,1,463.2,True
6,Paddy,50.9,30,35,3,3,0.71,17.0,1.02,10,1,1,0.11,0.05,1,0,162.0,True
2,Maize,5.3,8,15,1,2,0.79,11.7,1.0,15,4,1,0.13,-0.3,0,1,119.0,True
5,Maize,18.4,28,37,4,6,0.93,18.1,1.15,11,4,1,0.09,0.74,1,0,111.4,True
2,Wheat,55.0,29,33,2,3,0.84,11.3,0.9,11,1,1,0.17,0.82,1,0,178.4,True
3,Paddy,31.8,6,13,1,3,0.84,15.2,0.96,15,3,1,0.18,-0.21,1,0,94.1,True
7,Maize,52.6,5,14,3,5,0.91,10.2,1.18,11,4,1,0.06,0.42,1,0,16.8,True
9,Wheat,45.7,28,34,2,4,0.98,17.8,0.98,14,1,1,0.1,1.14,1,0,253.5,True
6,Wheat,44.8,30,32,2,2,0.7,19.7,0.85,13,0,0,0.12,0.56,1,0,350.6,True
4,Cotton,18.2,27,37,2,4,0.79,11.5,0.98,8,6,0,0.1,1.3,0,1,187.3,True
8,Mustard,34.2,3,10,3,4,0.86,18.1,1.02,16,3,0,0.13,1.06,0,1,38.1,True
4,Cotton,26.3,29,37,3,4,0.96,11.7,1.07,16,4,0,0.13,1.35,1,0,107.9,True
5,Wheat,50.8,24,33,2,4,0.84,10.8,0.8,9,5,0,0.05,-0.19,0,1,185.1,True
4,Mustard,6.4,22,22,4,5,0.78,15.3,0.99,13,5,0,0.18,0.7,1,0,86.7,True
3,Wheat,34.2,13,17,3,4,0.71,12.7,0.85,11,3,1,0.07,1.41,1,0,63.2,True
10,Mustard,24.9,13,20,2,3,0.75,11.0,1.0,12,1,0,0.1,1.21,1,0,67.3,True
3,Mustard,21.6,12,14,3,3,0.71,15.8,1.18,13,4,0,0.18,1.28,1,0,57.3,True
7,Paddy,24.4,14,20,2,2,0.97,18.2,0.89,8,1,0,0.13,-0.2,1,0,143.3,True
8,Maize,14.7,22,23,4,5,0.74,17.8,0.95,16,2,0,0.1,0.55,1,0,99.0,True
6,Maize,34.3,18,22,4,5,0.95,13.0,0.94,9,0,0,0.13,1.18,1,0,63.2,True
5,Mustard,40.5,26,30,2,3,0.72,14.3,0.95,13,1,0,0.09,-0.41,1,0,198.3,True
9,Wheat,9.9,12,18,1,1,0.93,11.2,1.03,10,6,1,0.05,1.5,1,0,130.4,True
2,Cotton,16.1,23,26,1,3,0.79,10.1,0.99,9,2,0,0.1,0.77,1,0,231.6,True
9,Maize,53.6,3,12,1,3,0.88,16.6,1.2,13,4,0,0.11,0.68,0,1,64.4,True
5,Mustard,8.5,5,5,1,2,0.79,16.6,0.88,8,0,0,0.08,0.66,0,1,120.8,True
9,Wheat,32.2,23,31,1,3,0.82,19.3,0.9,12,3,0,0.16,0.32,1,0,496.4,True
9,Cotton,16.9,17,17,4,4,0.9,10.6,0.84,15,6,1,0.07,1.23,1,0,53.2,True
7,Mustard,10.0,26,29,2,2,0.84,15.8,1.08,15,5,1,0.1,-0.42,0,1,218.9,True
4,Paddy,18.2,29,36,2,3,0.77,17.5,1.15,12,5,0,0.18,0.48,0,1,251.8,True
2,Maize,14.2,11,14,3,3,0.86,13.3,0.97,11,5,1,0.07,1.26,0,1,76.6,True
1,Wheat,54.6,19,27,2,2,0.96,15.5,1.08,8,2,0,0.06,0.6,0,1,158.8,True
7,Cotton,44.8,30,32,1,1,0.74,16.2,1.1,14,2,1,0.13,-0.36,1,0,439.0,True
3,Wheat,29.2,8,18,2,4,0.75,12.4,0.84,13,0,0,0.17,-0.39,0,1,85.6,True
7,Maize,5.1,4,5,3,5,0.77,12.1,1.11,12,4,0,0.16,0.72,1,0,15.1,True
1,Cotton,55.1,7,13,1,3,0.79,10.9,1.04,11,5,1,0.06,1.5,1,0,78.0,True
4,Cotton,39.2,21,24,4,6,0.87,18.0,0.96,11,1,1,0.11,-0.48,1,0,91.8,True
10,Paddy,28.9,28,36,4,5,0.83,12.9,1.05,8,5,0,0.2,-0.32,1,0,85.9,True
2,Cotton,5.3,20,22,1,1,0.82,15.2,1.19,16,5,0,0.1,-0.42,1,0,251.7,True
7,Cotton,25.2,27,37,2,3,0.98,19.1,1.09,16,3,0,0.16,-0.35,0,1,259.1,True
3,Maize,56.1,17,20,2,3,0.99,13.3,0.85,10,0,1,0.1,0.4,1,0,127.3,True
2,Paddy,38.8,12,16,4,6,0.77,18.0,1.07,10,0,1,0.19,1.47,1,0,54.5,True
5,Wheat,16.2,15,17,2,2,0.8,16.8,0.95,15,2,1,0.13,-0.21,1,0,130.1,True
4,Maize,8.9,14,23,3,3,0.76,15.4,0.86,9,3,0,0.11,1.29,0,1,109.2,True
2,Wheat,30.1,20,26,1,2,0.75,19.2,1.13,14,5,1,0.06,0.12,1,0,337.2,True
7,Mustard,30.2,27,32,4,6,0.9,18.4,0.98,8,4,0,0.09,0.94,0,1,150.6,True
2,Maize,9.3,6,13,4,4,0.75,12.5,0.91,15,1,1,0.17,1.04,0,1,44.0,True
4,Mustard,12.6,9,12,3,4,0.96,11.7,0.96,16,5,0,0.2,0.51,1,0,38.0,True
5,Mustard,51.9,20,29,3,4,0.77,19.4,1.08,14,3,1,0.15,0.33,0,1,148.8,True
7,Wheat,18.4,23,30,4,5,0.9,14.1,0.8,11,3,1,0.19,-0.15,1,0,105.9,True
4,Cotton,53.2,12,17,4,6,0.85,12.8,1.08,16,0,0,0.07,-0.34,1,0,34.5,True
8,Wheat,41.8,0,1,3,5,0.8,15.9,1.01,15,5,1,0.06,0.96,1,0,3.0,True
4,Mustard,7.6,4,7,2,2,0.72,13.4,0.89,13,2,0,0.13,1.17,0,1,53.1,True
9,Paddy,53.1,10,11,1,1,0.91,10.2,0.88,11,6,1,0.11,-0.38,1,0,119.6,True
6,Maize,49.7,25,26,1,3,0.98,15.9,1.03,8,0,0,0.11,0.59,1,0,384.8,True
6,Wheat,28.0,13,20,4,6,1.0,15.9,0.92,16,2,0,0.09,-0.39,1,0,55.7,True
9,Paddy,42.3,25,33,4,5,0.98,10.9,0.84,13,5,0,0.12,-0.47,1,0,78.0,True
8,Maize,53.5,30,37,4,5,0.88,13.6,0.95,17,4,0,0.18,0.28,1,0,107.2,True
3,Mustard,25.6,24,33,1,2,0.87,15.3,0.86,12,0,0,0.15,-0.15,1,0,429.6,True
2,Maize,34.6,0,0,3,3,0.8,11.5,0.99,10,4,1,0.06,0.39,1,0,3.0,True
10,Mustard,56.2,8,18,2,2,0.79,14.6,0.92,10,0,1,0.13,1.33,1,0,62.1,True
4,Cotton,53.0,3,11,1,2,0.93,16.6,1.05,17,3,0,0.11,1.25,1,0,44.4,True
5,Cotton,26.8,25,30,4,4,0.8,14.8,0.95,17,0,0,0.16,0.3,0,1,120.1,True
2,Maize,42.9,10,11,3,3,0.86,17.5,1.12,8,2,0,0.14,1.46,0,1,80.5,True
8,Wheat,37.4,6,8,1,3,0.82,18.9,1.09,8,6,0,0.1,0.44,0,1,130.5,True
5,Mustard,45.2,13,14,2,2,0.86,16.4,1.06,11,6,1,0.11,0.21,0,1,121.7,True
7,Cotton,6.6,9,16,2,2,0.89,11.1,1.1,11,2,1,0.12,1.46,1,0,48.2,True
7,Maize,26.4,14,18,1,1,0.89,13.0,1.09,16,0,0,0.18,0.22,0,1,191.9,True
2,Mustard,24.1,1,4,3,3,0.96,17.9,0.89,17,5,0,0.19,1.08,1,0,13.3,True
4,Maize,11.7,14,20,1,3,0.73,13.2,1.13,14,2,1,0.12,0.99,1,0,162.8,True
1,Maize,18.7,11,17,3,4,0.72,15.8,0.89,17,5,0,0.12,1.44,1,0,66.6,True
4,Cotton,39.0,8,11,4,6,0.99,11.6,1.19,13,0,0,0.13,-0.14,0,1,41.1,True
10,Mustard,30.3,22,25,4,5,0.78,11.4,1.15,11,5,1,0.15,0.87,0,1,79.1,True
5,Paddy,43.2,14,17,2,3,0.72,19.2,1.02,14,2,1,0.17,0.76,0,1,152.4,True
9,Cotton,48.0,6,15,2,4,0.71,12.4,0.83,8,3,0,0.05,0.3,1,0,48.5,True
1,Cotton,16.7,13,23,1,1,0.71,18.1,1.15,8,3,0,0.16,0.95,0,1,234.2,True
8,Cotton,43.6,0,0,2,3,0.95,18.7,0.99,14,1,1,0.14,-0.23,1,0,3.0,True
5,Cotton,49.8,14,24,4,5,0.83,12.4,0.87,10,4,1,0.14,-0.38,1,0,50.2,True
7,Maize,13.8,13,14,4,6,0.71,10.8,0.84,12,0,0,0.08,1.35,1,0,41.5,True
7,Maize,21.3,11,17,2,2,0.93,10.8,1.06,10,0,1,0.15,1.01,1,0,58.6,True
5,Mustard,50.7,7,11,2,4,0.74,13.4,0.87,17,6,0,0.14,0.73,1,0,56.9,True
5,Maize,11.6,29,39,3,3,0.9,15.8,1.14,14,0,1,0.19,-0.16,1,0,130.3,True
5,Wheat,32.3,28,35,3,5,0.9,15.5,1.14,9,0,0,0.08,1.09,1,0,127.9,True
2,Cotton,41.2,6,13,4,6,0.87,18.7,1.15,13,3,0,0.13,1.39,0,1,45.2,True
3,Mustard,11.9,2,8,4,5,0.76,11.9,1.09,16,2,0,0.19,0.66,1,0,10.3,True
6,Mustard,6.6,24,28,4,5,0.83,19.6,1.13,13,5,0,0.09,-0.24,0,1,131.8,True
6,Wheat,16.6,6,6,4,5,0.75,19.9,1.03,10,1,1,0.1,-0.28,1,0,26.0,True
5,Maize,5.1,8,17,3,4,0.74,19.7,0.91,10,4,1,0.14,0.44,1,0,57.2,True
8,Mustard,43.1,10,19,4,6,0.82,18.9,0.81,13,2,0,0.05,0.72,0,1,84.1,True
6,Wheat,51.9,22,24,3,5,0.91,17.6,0.95,13,6,0,0.17,0.71,1,0,141.9,True
4,Wheat,57.3,27,31,4,4,0.99,18.5,1.05,15,4,1,0.15,1.18,1,0,117.5,True
6,Wheat,50.8,11,16,3,3,0.94,11.3,1.11,10,5,1,0.08,-0.04,1,0,34.2,True
7,Cotton,37.7,19,21,2,4,0.87,14.3,0.82,9,0,0,0.09,0.23,1,0,161.3,True
3,Wheat,10.5,18,22,2,3,0.84,18.1,0.92,11,5,1,0.14,0.87,0,1,200.2,True
9,Cotton,12.6,22,29,1,2,0.9,16.2,0.99,16,5,0,0.13,1.39,1,0,358.0,True
8,Mustard,26.0,10,13,4,5,0.78,10.1,1.01,17,1,0,0.06,1.19,1,0,25.9,True
8,Paddy,47.7,26,29,4,6,0.71,12.5,1.01,11,5,1,0.16,0.7,0,1,105.3,True
2,Mustard,7.5,15,24,4,4,0.9,13.5,0.86,17,5,0,0.06,1.42,1,0,53.8,True
7,Paddy,38.6,23,33,3,4,0.98,16.8,0.99,14,3,1,0.12,1.06,1,0,131.9,True
7,Paddy,10.2,5,13,3,4,0.82,15.3,1.07,12,4,0,0.09,1.21,0,1,55.5,True
1,Maize,48.5,25,33,2,4,0.85,14.5,1.12,15,2,1,0.06,-0.27,1,0,156.9,True
7,Wheat,33.6,17,27,3,5,0.78,10.8,0.92,13,0,0,0.15,0.21,0,1,91.8,True
8,Maize,7.9,29,31,3,3,0.95,11.8,0.99,16,2,0,0.15,0.8,1,0,122.1,True
4,Cotton,26.4,20,29,3,4,0.74,14.8,0.86,12,0,0,0.09,1.45,1,0,115.6,True
4,Wheat,40.8,23,27,3,4,0.95,12.8,1.17,13,6,0,0.1,0.65,1,0,83.2,True
1,Wheat,11.6,22,29,2,4,0.91,12.4,1.12,13,6,0,0.18,1.4,0,1,139.9,True
8,Wheat,38.1,25,26,4,6,0.83,11.8,1.16,8,2,0,0.14,0.7,0,1,87.9,True
9,Maize,55.5,24,27,1,1,0.92,18.5,0.85,16,2,0,0.19,1.41,1,0,526.2,True
2,Mustard,41.4,26,27,4,6,0.84,15.2,1.15,16,4,0,0.11,0.73,1,0,86.9,True
1,Paddy,30.2,2,11,3,5,0.86,17.2,0.97,16,3,0,0.18,0.8,1,0,14.6,True
7,Mustard,24.3,14,23,1,2,0.84,12.9,1.14,11,0,1,0.19,-0.14,0,1,184.5,True
3,Wheat,5.6,23,28,1,3,0.86,13.8,1.17,9,0,0,0.2,1.05,1,0,272.2,True
8,Paddy,37.5,2,5,4,4,0.9,19.3,1.06,15,4,1,0.12,-0.34,1,0,16.1,True
10,Paddy,45.8,8,10,1,3,0.93,13.8,0.82,16,5,0,0.09,1.15,1,0,133.2,True
8,Cotton,17.5,19,27,1,1,0.72,10.7,0.96,13,6,0,0.12,1.03,1,0,213.0,True
1,Cotton,16.3,28,36,2,4,0.93,19.6,1.07,14,0,1,0.06,-0.41,0,1,283.7,True
1,Cotton,58.5,27,32,2,3,0.88,19.5,1.0,11,6,1,0.14,0.52,1,0,262.4,True
6,Maize,28.5,4,11,1,2,0.83,14.4,0.84,16,6,0,0.15,-0.16,1,0,69.5,True
7,Paddy,28.3,2,2,2,4,0.98,12.0,0.8,13,6,0,0.11,0.15,1,0,14.1,True
1,Mustard,13.9,2,12,2,4,0.83,14.1,1.07,12,6,0,0.17,0.16,1,0,22.7,True
9,Maize,12.0,15,24,4,5,0.86,16.0,0.97,8,6,0,0.1,0.42,1,0,58.2,True
10,Paddy,56.6,28,38,3,5,0.99,14.2,0.9,10,3,1,0.18,0.91,1,0,147.6,True
8,Paddy,19.6,0,8,4,4,0.78,15.6,0.92,9,2,0,0.12,1.03,1,0,3.7,True
3,Mustard,29.6,15,25,4,5,0.95,15.8,1.03,10,2,1,0.11,-0.45,1,0,56.8,True
8,Mustard,27.1,11,11,1,1,0.93,19.4,0.94,10,2,1,0.06,1.14,1,0,224.9,True
6,Wheat,17.5,13,17,4,4,0.74,13.8,0.94,16,1,0,0.17,0.02,1,0,44.2,True
3,Paddy,48.0,15,21,1,3,0.73,16.0,1.16,9,6,0,0.09,1.1,1,0,206.6,True
5,Cotton,15.3,24,24,2,3,0.87,19.4,1.19,10,3,1,0.08,-0.02,1,0,195.9,True
4,Wheat,23.3,21,21,3,4,0.89,15.8,1.19,8,4,0,0.16,1.1,1,0,87.3,True
8,Cotton,9.6,8,18,3,4,0.81,12.2,1.19,13,4,0,0.09,0.84,1,0,25.7,True
3,Mustard,47.1,28,31,1,3,0.98,18.5,1.0,14,1,1,0.18,1.14,1,0,518.9,True
2,Mustard,48.6,21,24,1,3,0.82,18.0,0.95,13,3,0,0.08,1.34,1,0,397.8,True
4,Cotton,20.4,30,36,2,2,0.98,12.9,0.84,10,1,1,0.16,1.49,1,0,224.9,True
9,Wheat,38.9,13,18,3,3,0.7,17.1,0.94,8,6,0,0.18,0.48,0,1,103.5,True
6,Paddy,59.5,14,14,4,5,0.92,19.1,0.9,11,1,1,0.11,1.14,1,0,74.8,True
4,Maize,57.3,26,26,4,4,0.99,11.7,1.08,10,4,1,0.18,1.14,1,0,71.3,True
4,Wheat,9.5,29,38,2,3,0.98,16.7,0.86,14,3,1,0.18,0.99,1,0,283.7,True
5,Paddy,11.6,9,19,1,1,0.87,15.3,0.93,8,4,0,0.05,1.34,0,1,170.4,True
1,Mustard,43.0,21,23,4,5,0.77,12.0,0.83,13,5,0,0.16,0.0,1,0,67.1,True
5,Maize,37.9,3,11,3,3,0.94,20.0,1.18,12,6,0,0.11,1.39,0,1,40.6,True
1,Cotton,22.3,2,10,2,2,0.7,19.9,1.17,13,6,0,0.17,0.65,0,1,39.6,True
2,Wheat,31.7,7,11,2,2,0.82,12.7,0.85,9,5,0,0.09,0.61,1,0,55.2,True
6,Mustard,57.6,18,26,2,3,0.87,16.5,1.12,8,5,0,0.06,0.46,1,0,136.6,True
6,Cotton,59.1,7,11,2,3,0.87,13.3,0.93,10,2,1,0.08,0.06,1,0,46.4,True
1,Paddy,5.7,29,36,3,5,0.78,19.7,1.06,9,2,0,0.1,0.33,1,0,184.7,True
3,Maize,51.1,8,8,1,3,0.82,15.8,1.03,15,2,1,0.09,1.48,0,1,144.6,True
8,Paddy,58.6,10,18,2,3,0.98,19.2,0.81,17,5,0,0.09,1.39,1,0,119.8,True
10,Wheat,39.3,3,13,4,5,0.8,10.1,1.14,14,1,1,0.2,0.61,1,0,9.2,True
3,Wheat,58.4,1,6,4,6,0.82,11.6,1.12,14,2,1,0.07,0.66,1,0,3.8,True
7,Cotton,40.5,13,18,1,1,0.73,14.2,1.05,12,5,0,0.1,1.08,1,0,175.4,True
2,Cotton,8.0,3,6,4,5,0.7,17.2,1.08,16,6,0,0.17,0.15,1,0,11.8,True
9,Maize,36.9,30,31,3,4,0.94,13.6,0.9,15,2,1,0.14,1.28,0,1,176.0,True
6,Mustard,57.8,10,13,1,1,0.74,11.4,1.09,10,3,1,0.15,-0.01,1,0,101.3,True
7,Mustard,19.8,1,2,4,4,0.91,14.7,0.91,10,3,1,0.17,0.41,1,0,5.5,True
9,Maize,51.0,20,21,2,4,0.86,12.7,1.12,16,6,0,0.18,0.97,1,0,116.9,True
4,Wheat,56.6,30,40,2,4,0.85,12.8,0.84,8,4,0,0.08,-0.4,1,0,231.1,True
1,Wheat,57.0,29,31,3,3,0.9,12.0,0.93,10,4,1,0.06,-0.1,1,0,124.8,True
1,Mustard,45.1,21,29,2,4,0.99,18.1,1.1,8,0,0,0.14,-0.15,1,0,172.0,True
4,Paddy,23.9,25,33,4,4,0.81,18.3,1.19,8,2,0,0.11,0.68,0,1,125.6,True
9,Paddy,41.8,9,15,4,5,0.7,12.0,0.86,16,6,0,0.2,-0.22,1,0,30.9,True
5,Cotton,21.8,14,16,1,3,0.96,11.8,1.07,16,3,0,0.18,0.94,0,1,179.4,True
6,Maize,11.9,29,31,4,6,0.79,17.6,1.07,10,0,1,0.08,0.14,1,0,125.0,True
8,Wheat,14.9,4,13,4,4,0.77,15.5,0.88,16,6,0,0.07,0.04,1,0,17.3,True
8,Maize,51.3,25,26,1,3,0.79,11.5,0.99,14,1,1,0.12,0.44,1,0,289.3,True
8,Wheat,38.3,9,16,1,3,0.83,13.9,1.16,14,4,1,0.16,0.63,1,0,113.2,True
4,Wheat,44.8,14,15,2,3,0.79,14.3,1.14,16,6,0,0.19,1.17,1,0,85.5,True
1,Cotton,18.6,4,11,3,5,0.7,12.5,0.83,9,6,0,0.05,1.4,0,1,44.3,True
4,Mustard,17.5,3,4,3,3,0.81,10.4,0.82,14,0,1,0.11,0.44,0,1,35.4,True
4,Mustard,58.8,30,39,1,2,0.98,15.9,1.02,12,5,0,0.16,1.47,1,0,462.3,True
10,Cotton,59.6,1,5,2,2,0.88,19.8,0.8,8,2,0,0.08,0.78,1,0,13.9,True
5,Wheat,53.1,4,8,2,4,0.74,16.5,1.08,15,2,1,0.14,1.49,1,0,29.4,True
2,Cotton,22.3,0,2,4,4,0.88,16.7,1.16,15,2,1,0.2,-0.39,1,0,3.0,True
3,Mustard,27.6,15,16,3,4,0.71,19.7,1.15,12,5,0,0.1,1.08,1,0,89.6,True
4,Wheat,18.2,3,4,4,5,0.96,15.4,0.99,14,0,1,0.08,0.19,1,0,13.8,True
4,Wheat,31.0,25,29,1,3,0.73,15.8,0.8,8,5,0,0.13,-0.04,0,1,519.1,True
10,Wheat,5.8,14,22,2,4,0.71,18.8,1.01,11,6,1,0.08,1.18,1,0,129.6,True
2,Mustard,20.7,4,4,1,1,0.77,11.0,0.92,17,6,0,0.18,-0.47,1,0,49.8,True
2,Paddy,37.6,26,36,1,2,0.83,19.4,1.14,16,6,0,0.16,0.44,1,0,440.4,True
2,Mustard,28.1,15,24,3,5,0.74,12.2,0.85,9,6,0,0.13,0.36,0,1,95.7,True
10,Cotton,40.3,20,21,3,5,0.98,19.6,1.1,14,1,1,0.07,-0.03,0,1,141.8,True
4,Paddy,49.3,1,5,4,4,0.83,15.1,0.97,13,4,0,0.12,-0.32,1,0,3.0,True
7,Wheat,15.6,19,28,3,4,0.98,14.6,0.95,15,2,1,0.12,1.43,1,0,95.6,True
1,Cotton,17.9,25,26,4,4,0.71,18.8,1.07,8,0,0,0.19,1.04,1,0,111.3,True
6,Mustard,52.7,13,15,2,4,0.93,17.8,1.17,12,5,0,0.13,-0.36,1,0,100.5,True
2,Paddy,38.2,20,29,3,4,0.74,12.3,1.16,17,5,0,0.18,0.55,0,1,92.9,True
3,Paddy,7.6,14,22,3,4,0.72,12.0,1.07,10,0,1,0.1,1.21,1,0,50.1,True
5,Wheat,36.2,28,31,2,4,0.7,16.4,1.09,15,2,1,0.1,0.97,0,1,235.8,True
10,Cotton,36.3,14,21,2,2,0.91,12.8,1.19,16,2,0,0.12,-0.2,1,0,71.7,True
8,Cotton,21.2,7,17,3,3,0.83,14.9,0.86,10,4,1,0.18,0.73,1,0,41.8,True
1,Maize,59.2,17,27,2,4,0.74,16.6,0.99,12,6,0,0.19,0.62,1,0,145.7,True
1,Cotton,33.9,17,19,2,2,0.98,13.1,1.0,17,3,0,0.09,-0.26,1,0,108.0,True
4,Cotton,58.9,12,15,3,3,0.83,10.8,1.02,15,6,1,0.18,0.92,1,0,41.4,True
5,Paddy,25.1,27,28,4,5,0.79,16.0,0.87,8,4,0,0.06,-0.3,1,0,122.5,True
7,Paddy,16.3,11,17,4,6,0.74,16.1,1.09,12,5,0,0.07,1.09,1,0,39.2,True
5,Wheat,44.1,25,30,2,4,0.73,17.0,1.15,8,2,0,0.2,0.56,0,1,211.7,True
10,Maize,45.8,24,24,4,5,0.9,16.5,0.94,8,5,0,0.09,0.58,0,1,127.5,True
3,Wheat,19.0,12,14,3,4,0.78,16.0,1.18,12,2,0,0.11,1.4,1,0,48.4,True
2,Maize,8.7,5,5,2,4,0.88,16.3,0.82,11,0,1,0.18,1.48,1,0,49.7,True
8,Maize,47.6,13,22,3,3,0.85,19.4,0.92,15,6,1,0.1,0.61,1,0,92.4,True
10,Maize,13.4,8,13,2,2,0.78,20.0,1.16,11,3,1,0.1,0.4,0,1,96.3,True
7,Cotton,58.3,24,24,2,4,0.77,15.0,1.03,9,1,0,0.05,-0.11,1,0,183.0,True
3,Mustard,46.7,1,5,3,4,0.84,16.3,1.17,11,0,1,0.12,-0.13,1,0,3.6,True
1,Maize,5.4,28,35,3,5,0.89,16.4,0.87,8,3,0,0.13,0.1,1,0,177.2,True
5,Maize,28.6,11,13,3,4,0.82,17.7,0.87,14,1,1,0.17,0.91,0,1,94.1,True
4,Mustard,57.4,23,30,3,4,0.75,15.1,0.95,9,2,0,0.05,0.74,1,0,122.6,True
3,Wheat,26.8,12,21,4,6,0.78,13.6,1.12,16,5,0,0.18,1.26,0,1,60.1,True
1,Mustard,21.9,15,17,2,3,0.75,12.8,1.15,12,5,0,0.11,0.94,1,0,81.1,True
3,Paddy,13.3,15,22,3,4,0.83,14.7,0.81,9,0,0,0.16,0.53,1,0,93.0,True
3,Wheat,53.8,12,21,4,5,0.85,13.5,1.06,14,5,1,0.12,0.68,1,0,34.8,True
7,Paddy,11.1,3,8,3,3,0.77,17.2,0.94,8,4,0,0.1,1.16,1,0,19.4,True
1,Wheat,53.3,21,21,4,4,0.76,19.3,1.19,11,0,1,0.05,-0.15,0,1,104.7,True
7,Paddy,44.9,11,12,3,4,0.97,17.6,1.11,13,1,0,0.06,1.13,1,0,57.6,True
7,Paddy,35.6,25,35,1,2,0.91,14.8,0.98,17,6,0,0.06,1.47,1,0,374.3,True
9,Cotton,5.4,10,12,3,4,0.97,14.1,0.91,8,5,0,0.19,0.23,1,0,54.9,True
8,Maize,34.9,19,19,2,3,0.73,19.5,0.86,12,5,0,0.17,0.02,0,1,244.1,True
7,Wheat,48.2,0,10,3,4,0.91,16.8,0.89,10,5,1,0.11,1.15,1,0,3.0,True
8,Mustard,24.4,1,9,2,3,0.75,19.8,1.2,15,5,1,0.2,0.85,1,0,8.0,True
2,Cotton,42.4,24,28,4,5,0.75,18.9,0.87,11,5,1,0.13,-0.35,0,1,155.2,True
2,Cotton,35.8,28,28,1,1,0.81,13.6,0.82,16,4,0,0.11,1.04,0,1,492.8,True
6,Maize,9.2,26,31,2,2,0.82,10.3,0.95,13,6,0,0.19,-0.45,1,0,136.5,True
8,Cotton,41.5,1,7,1,1,1.0,15.5,0.95,9,6,0,0.17,0.31,1,0,18.6,True
6,Wheat,27.9,6,16,2,3,0.8,18.2,0.96,9,0,0,0.09,-0.49,1,0,59.8,True
8,Mustard,36.3,17,21,4,6,0.78,16.4,0.98,17,3,0,0.18,0.41,0,1,96.1,True
4,Paddy,42.0,9,11,3,3,0.82,16.0,0.96,8,1,0,0.14,0.06,1,0,50.4,True
9,Mustard,51.8,21,23,4,5,0.81,16.0,0.97,17,4,0,0.09,-0.13,1,0,85.8,True
7,Mustard,27.7,24,31,4,5,0.98,16.5,1.06,17,4,0,0.14,0.6,0,1,120.4,True
6,Maize,26.8,13,21,3,5,0.91,19.7,1.01,11,4,1,0.18,0.74,0,1,106.0,True
2,Mustard,43.4,20,25,3,3,0.76,18.4,1.18,12,5,0,0.06,0.15,0,1,131.7,True
2,Cotton,17.6,2,6,3,3,0.86,14.3,0.81,10,4,1,0.09,0.9,1,0,10.4,True
3,Wheat,50.0,18,27,4,6,0.76,16.2,0.93,11,1,1,0.1,0.51,0,1,102.9,True
6,Wheat,46.4,19,25,3,4,0.94,12.3,1.04,12,6,0,0.09,0.41,0,1,95.8,True
8,Wheat,51.4,23,33,3,4,0.89,13.2,1.09,8,5,0,0.15,-0.2,1,0,94.6,True
7,Mustard,46.3,0,7,4,6,0.83,18.2,0.84,8,4,0,0.16,1.26,0,1,22.6,True
3,Cotton,31.4,19,28,3,5,0.89,11.2,1.02,12,5,0,0.07,-0.1,1,0,67.7,True
8,Wheat,18.2,5,9,3,4,0.83,10.3,1.0,14,6,1,0.17,1.17,0,1,42.1,True
7,Paddy,14.0,16,20,3,3,0.78,12.7,0.99,16,4,0,0.17,0.26,1,0,67.7,True
6,Cotton,40.5,12,19,1,1,0.85,17.8,0.8,16,2,0,0.1,1.45,1,0,264.5,True
6,Wheat,16.8,6,10,3,5,0.99,15.4,0.91,14,5,1,0.17,1.34,1,0,36.4,True
2,Paddy,48.9,18,21,4,6,0.85,12.7,1.08,9,0,0,0.15,0.29,1,0,49.8,True
4,Cotton,33.1,7,15,3,5,0.79,16.5,1.06,15,2,1,0.09,0.1,1,0,36.2,True
8,Cotton,54.7,17,20,3,4,0.72,15.5,1.01,9,1,0,0.16,-0.05,0,1,115.5,True
5,Paddy,44.0,15,25,4,6,0.94,10.8,0.85,11,4,1,0.16,0.32,1,0,47.4,True
2,Paddy,21.7,3,10,2,4,0.95,16.5,1.11,10,6,1,0.07,-0.2,1,0,23.9,True
1,Cotton,30.5,9,16,2,3,0.73,13.3,0.83,12,5,0,0.08,0.29,1,0,72.9,True
7,Mustard,7.6,26,32,2,2,0.83,15.9,1.16,9,3,0,0.1,1.33,1,0,178.3,True
2,Maize,46.5,27,31,4,5,0.75,20.0,0.84,12,0,0,0.16,0.77,0,1,187.0,True
7,Maize,50.3,9,17,4,6,0.9,17.8,0.89,13,1,0,0.05,0.22,1,0,43.2,True
8,Cotton,39.9,15,21,2,4,0.96,11.1,0.96,14,4,1,0.13,0.78,1,0,85.5,True
10,Mustard,15.1,23,25,4,6,0.99,13.7,0.93,10,4,1,0.06,1.33,1,0,81.1,True
7,Cotton,37.5,3,4,3,3,0.8,17.1,1.07,14,5,1,0.11,0.75,1,0,19.5,True
1,Cotton,38.0,26,28,1,1,0.96,15.6,0.84,13,6,0,0.11,0.08,1,0,483.1,True
9,Maize,5.4,25,25,4,6,0.7,11.3,0.91,17,3,0,0.16,-0.3,1,0,74.6,True
9,Cotton,36.3,16,21,2,2,0.76,16.4,1.2,15,0,1,0.14,0.61,0,1,132.9,True
9,Mustard,36.4,29,39,3,5,0.98,13.7,1.07,11,1,1,0.08,0.25,1,0,116.4,True
2,Wheat,15.2,25,25,2,4,0.76,11.6,1.16,11,5,1,0.14,0.95,1,0,129.1,True
2,Cotton,32.5,16,17,4,5,0.96,11.9,0.82,9,0,0,0.07,-0.03,0,1,85.6,True
5,Maize,29.1,18,24,4,5,0.82,13.9,0.95,8,6,0,0.15,1.08,0,1,92.1,True
8,Paddy,35.2,26,30,4,5,1.0,11.2,1.16,15,3,1,0.11,1.08,1,0,64.0,True
7,Paddy,35.8,3,7,2,2,0.96,11.7,0.85,10,4,1,0.08,1.25,0,1,49.9,True
8,Mustard,59.9,30,34,2,3,1.0,12.8,1.07,16,2,0,0.06,-0.44,1,0,184.2,True
9,Wheat,36.9,27,35,3,3,0.86,11.6,1.07,15,6,1,0.09,0.66,1,0,103.3,True
2,Cotton,47.3,14,24,1,1,0.81,15.9,1.07,9,6,0,0.13,0.51,1,0,197.6,True
5,Mustard,46.9,1,9,1,1,0.86,13.2,1.2,13,4,0,0.05,-0.01,1,0,7.3,True
9,Paddy,48.5,22,24,3,5,0.96,12.6,1.18,10,6,1,0.17,-0.18,1,0,79.5,True
3,Paddy,29.7,17,26,3,3,0.86,15.6,1.0,16,6,0,0.17,1.22,0,1,114.1,True
4,Cotton,14.2,28,37,3,3,0.8,12.5,1.1,14,1,1,0.13,0.97,1,0,107.3,True
6,Mustard,33.3,5,6,4,6,0.83,14.7,0.91,10,6,1,0.16,-0.04,1,0,13.1,True
10,Mustard,58.2,21,27,3,5,0.82,16.5,1.16,17,6,0,0.12,0.72,1,0,96.8,True
7,Paddy,54.4,3,13,2,4,0.75,13.0,0.9,9,0,0,0.08,0.28,1,0,22.6,True
5,Paddy,28.6,16,24,4,5,0.88,14.4,1.05,8,0,0,0.08,-0.44,1,0,57.8,True
10,Wheat,29.8,2,6,3,5,0.95,17.6,0.84,10,2,1,0.1,-0.25,1,0,12.1,True
6,Wheat,37.6,5,15,2,3,0.84,17.5,1.05,13,4,0,0.06,0.85,1,0,44.2,True
4,Maize,21.6,5,13,3,3,0.77,16.4,1.04,16,2,0,0.13,1.33,1,0,25.2,True
5,Wheat,52.9,0,4,3,4,0.8,11.5,1.14,10,5,1,0.18,0.93,1,0,3.0,True
3,Cotton,28.0,22,26,2,4,0.76,12.9,0.86,8,4,0,0.06,0.13,1,0,166.7,True
1,Wheat,18.6,0,4,3,4,0.86,11.4,1.11,14,4,1,0.15,-0.14,0,1,27.4,True
9,Wheat,40.3,1,7,2,4,0.97,12.5,0.82,16,4,0,0.15,-0.1,1,0,3.0,True
8,Paddy,14.2,8,18,2,4,0.85,18.6,1.06,10,1,1,0.07,0.07,1,0,68.1,True
4,Paddy,59.0,6,9,4,5,0.9,10.7,0.81,17,3,0,0.08,1.04,0,1,46.8,True
6,Mustard,36.5,1,2,1,1,0.91,12.0,1.11,9,0,0,0.11,-0.34,1,0,10.6,True
6,Paddy,46.4,23,29,2,4,0.85,18.9,0.87,16,1,0,0.13,-0.07,0,1,277.5,True
1,Maize,51.4,19,25,4,4,0.88,17.4,0.96,10,5,1,0.11,0.44,1,0,85.2,True
6,Mustard,19.5,26,30,4,4,0.9,16.6,1.14,14,4,1,0.17,-0.03,1,0,90.4,True
6,Maize,34.5,23,33,2,2,0.98,15.7,1.12,15,5,1,0.09,1.34,0,1,183.9,True
4,Paddy,43.2,17,25,2,2,0.93,16.1,0.86,9,1,0,0.13,0.66,1,0,165.0,True
5,Paddy,33.1,10,20,2,2,0.76,19.6,0.99,14,1,1,0.2,0.57,1,0,98.9,True
10,Paddy,49.7,23,23,3,3,0.72,12.1,1.14,17,4,0,0.13,1.25,1,0,76.0,True
8,Cotton,18.9,19,19,3,3,0.75,11.1,0.95,8,6,0,0.11,0.57,1,0,71.3,True
3,Wheat,32.6,19,20,2,3,0.94,13.8,0.82,13,3,0,0.16,1.29,1,0,162.2,True
4,Paddy,53.7,0,2,4,5,0.77,16.8,1.0,16,5,0,0.08,0.3,1,0,3.7,True
2,Cotton,45.8,23,30,1,1,0.85,19.5,0.93,15,6,1,0.07,0.72,1,0,481.9,True
7,Wheat,45.1,13,15,3,3,0.98,15.2,0.8,12,2,0,0.07,0.08,1,0,77.2,True
3,Mustard,44.8,3,4,2,3,0.89,13.1,0.93,9,4,0,0.13,-0.2,1,0,21.1,True
5,Maize,23.1,11,20,1,2,0.71,14.8,0.94,13,1,0,0.07,0.01,1,0,173.6,True
10,Paddy,52.1,13,15,2,3,0.78,12.5,0.82,14,2,1,0.07,1.04,1,0,99.9,True
2,Mustard,36.8,7,15,3,5,0.84,17.7,0.85,9,2,0,0.19,1.26,1,0,43.8,True
4,Maize,50.1,6,6,2,3,0.85,11.0,0.89,16,5,0,0.11,1.29,1,0,34.7,True
5,Maize,30.8,23,28,2,2,0.81,14.5,1.05,14,0,1,0.06,-0.07,1,0,166.1,True
1,Cotton,47.8,8,18,2,2,0.88,13.6,0.86,8,4,0,0.11,-0.09,1,0,67.2,True
3,Maize,38.2,29,35,1,3,0.92,19.4,0.82,16,1,0,0.15,0.45,1,0,687.9,True
7,Maize,45.4,23,28,4,5,0.9,10.4,0.91,15,2,1,0.14,1.04,1,0,64.4,True
2,Cotton,42.5,0,4,1,2,0.81,15.0,0.95,14,6,1,0.06,1.39,1,0,3.0,True
2,Mustard,17.1,3,9,4,4,0.74,10.8,0.82,9,6,0,0.07,0.07,1,0,9.0,True
4,Wheat,42.4,12,21,1,3,0.96,19.8,0.85,16,2,0,0.09,0.39,0,1,306.0,True
6,Mustard,25.3,0,1,3,3,0.73,14.0,0.88,12,2,0,0.16,0.99,1,0,3.0,True
10,Cotton,14.3,27,30,2,2,0.77,16.6,0.83,11,1,1,0.06,0.93,1,0,269.9,True
10,Wheat,44.7,22,29,1,3,0.77,18.4,1.06,16,0,0,0.08,-0.25,0,1,403.8,True
2,Cotton,5.7,11,20,4,5,0.78,18.4,0.91,15,4,1,0.08,0.7,0,1,81.2,True
2,Wheat,31.6,25,35,2,2,0.85,12.0,1.0,12,6,0,0.18,-0.01,1,0,150.2,True
3,Paddy,37.2,20,20,3,5,0.78,19.7,0.83,14,0,1,0.16,0.43,0,1,185.4,True
6,Wheat,41.9,15,18,1,2,0.72,14.6,1.2,12,4,0,0.13,-0.22,1,0,183.0,True
7,Wheat,39.1,1,11,2,2,0.87,17.7,1.02,14,5,1,0.14,-0.36,0,1,30.8,True
1,Wheat,33.9,16,18,2,2,0.83,15.0,0.83,11,4,1,0.16,0.53,1,0,145.2,True
4,Maize,6.3,27,36,4,4,0.76,16.2,1.02,13,1,0,0.14,0.0,0,1,133.9,True
10,Cotton,9.2,26,35,1,2,0.82,13.3,0.86,14,4,1,0.12,0.22,0,1,431.4,True
10,Mustard,30.2,13,17,1,1,0.73,10.0,0.91,16,0,0,0.17,0.49,1,0,141.5,True
6,Mustard,52.6,19,19,3,5,0.93,17.7,0.97,16,2,0,0.07,0.77,0,1,140.6,True
9,Mustard,23.2,7,13,1,1,1.0,18.7,1.04,10,6,1,0.2,1.39,0,1,149.1,True
5,Maize,12.5,26,30,2,2,0.91,16.8,1.12,14,0,1,0.11,0.64,1,0,197.4,True
8,Wheat,42.3,7,11,4,6,0.82,16.8,0.86,14,1,1,0.19,0.79,1,0,32.3,True
10,Mustard,48.4,25,28,4,4,0.84,17.7,1.02,8,4,0,0.08,0.04,1,0,105.6,True
10,Maize,25.4,29,35,2,2,0.8,12.0,1.19,15,6,1,0.14,0.13,0,1,168.5,True
4,Cotton,37.7,1,2,4,4,0.92,14.7,0.87,8,0,0,0.14,-0.33,1,0,6.6,True
6,Cotton,19.1,23,25,2,4,0.75,17.5,1.13,9,0,0,0.16,0.55,1,0,177.7,True
9,Mustard,51.1,17,23,1,3,0.95,18.7,1.19,17,0,0,0.07,0.07,1,0,265.4,True
2,Paddy,38.3,12,13,4,5,0.79,10.7,1.02,16,3,0,0.16,1.31,1,0,28.1,True
2,Maize,49.2,17,19,4,5,0.92,16.1,0.89,9,5,0,0.15,-0.28,1,0,79.6,True
8,Wheat,36.8,19,28,4,4,0.82,15.5,0.81,12,0,0,0.1,0.24,1,0,90.8,True
7,Mustard,10.0,12,13,4,5,0.98,18.6,0.95,9,3,0,0.06,1.45,0,1,81.9,True
8,Mustard,34.0,22,31,2,3,0.75,10.0,0.95,17,2,0,0.09,0.68,1,0,115.6,True
4,Cotton,46.7,12,19,3,3,0.71,11.2,0.93,8,1,0,0.05,0.97,1,0,50.5,True
1,Mustard,25.4,30,34,1,2,0.79,17.0,0.92,13,1,0,0.15,1.49,1,0,551.7,True
4,Paddy,58.2,9,10,4,4,0.95,17.2,0.92,11,0,1,0.11,0.62,1,0,42.6,True
2,Wheat,56.4,7,16,4,6,0.8,12.3,0.96,10,3,1,0.2,-0.49,1,0,24.1,True
1,Paddy,17.6,6,9,2,4,0.92,17.6,1.16,10,5,1,0.16,0.33,1,0,43.7,True
8,Paddy,5.9,2,3,1,1,0.73,11.1,1.17,14,3,1,0.13,0.92,1,0,16.5,True
1,Paddy,49.8,20,21,3,4,0.97,19.6,1.16,17,6,0,0.15,0.11,1,0,111.0,True
8,Cotton,17.2,18,27,4,5,0.97,13.5,1.19,12,5,0,0.12,-0.03,0,1,75.5,True
1,Wheat,21.5,5,14,1,1,0.71,12.1,1.07,9,2,0,0.1,0.48,1,0,65.7,True
3,Maize,57.6,7,17,1,1,0.9,12.4,1.06,14,3,1,0.08,-0.48,1,0,85.2,True
5,Cotton,28.2,8,17,2,4,0.76,17.7,1.1,11,2,1,0.07,-0.06,1,0,69.2,True
3,Wheat,31.9,3,7,2,3,0.77,19.0,0.95,15,6,1,0.14,0.81,1,0,31.4,True
8,Wheat,59.6,26,33,4,5,0.71,17.4,1.16,15,2,1,0.1,-0.34,0,1,119.7,True
4,Paddy,9.5,20,30,4,5,0.97,15.4,1.08,13,5,0,0.07,0.04,1,0,67.1,True
9,Maize,52.3,13,18,3,4,0.75,15.1,1.13,15,6,1,0.07,-0.26,1,0,58.1,True
5,Paddy,16.2,12,22,3,5,0.92,14.5,1.17,8,5,0,0.11,1.47,1,0,52.0,True
1,Paddy,36.2,0,8,1,2,0.89,15.3,0.85,13,6,0,0.11,0.24,1,0,3.0,True
2,Cotton,59.4,18,20,2,2,0.98,10.2,1.18,13,0,0,0.19,1.07,1,0,80.9,True
9,Paddy,26.6,8,17,2,2,0.95,19.8,0.83,15,2,1,0.2,-0.27,1,0,89.3,True
10,Wheat,33.9,10,10,3,4,0.91,14.5,1.15,9,6,0,0.08,0.98,1,0,43.9,True
3,Cotton,27.3,7,12,1,1,0.85,18.2,0.92,12,6,0,0.1,0.86,1,0,135.7,True
5,Maize,13.9,25,32,1,3,0.73,16.8,0.92,10,1,1,0.11,-0.48,1,0,457.7,True
1,Mustard,36.2,14,23,1,3,0.94,18.3,0.81,10,5,1,0.19,-0.31,0,1,341.2,True
5,Mustard,21.5,30,34,1,2,0.76,18.6,0.81,9,1,0,0.11,0.75,0,1,717.8,True
8,Maize,59.1,13,15,1,2,0.74,10.1,0.91,10,3,1,0.19,-0.38,1,0,145.0,True
6,Wheat,55.9,30,32,3,4,0.99,16.4,1.18,16,3,0,0.07,0.02,1,0,133.3,True
10,Mustard,11.1,7,12,3,5,0.89,11.8,0.8,12,0,0,0.06,0.11,1,0,35.9,True
1,Cotton,57.3,11,15,2,3,0.82,14.9,0.98,8,3,0,0.15,-0.19,1,0,87.4,True
6,Wheat,58.0,6,10,1,3,0.83,18.7,0.97,10,3,1,0.07,0.08,0,1,140.0,True
8,Wheat,26.2,9,12,3,4,0.94,18.0,1.0,15,5,1,0.18,0.82,1,0,51.9,True
9,Maize,32.1,13,18,2,3,0.79,13.8,0.8,11,3,1,0.11,1.17,1,0,111.0,True
5,Paddy,48.8,4,9,4,6,0.92,10.7,0.92,16,4,0,0.16,-0.3,1,0,13.1,True
9,Maize,30.8,0,3,1,2,0.71,15.5,1.07,13,4,0,0.13,0.07,0,1,25.7,True
2,Mustard,44.1,2,8,2,3,0.89,11.3,0.88,16,1,0,0.2,0.66,1,0,16.5,True
9,Cotton,39.8,18,28,3,5,0.93,11.4,0.91,17,6,0,0.13,-0.43,1,0,75.7,True
10,Mustard,42.9,14,22,1,1,0.81,19.8,0.98,15,5,1,0.13,1.07,1,0,283.3,True
9,Wheat,37.1,12,12,1,3,0.8,10.4,1.06,10,0,1,0.07,-0.21,1,0,116.1,True
9,Mustard,50.0,0,1,2,4,0.84,14.8,0.95,10,4,1,0.14,0.2,1,0,4.4,True
10,Mustard,50.3,25,32,2,2,0.99,14.2,0.88,8,0,0,0.09,0.99,1,0,204.6,True
10,Wheat,18.5,3,9,4,6,0.89,11.6,1.06,15,3,1,0.16,1.42,1,0,11.8,True
3,Paddy,50.1,30,35,2,2,0.8,10.8,1.17,11,2,1,0.08,0.48,0,1,162.9,True
5,Paddy,54.8,26,35,1,2,0.77,18.3,1.19,10,4,1,0.16,-0.26,1,0,401.5,True
6,Paddy,12.0,0,4,3,4,0.81,19.3,1.18,15,0,1,0.07,0.9,1,0,3.0,True
3,Cotton,41.0,11,17,2,4,0.74,11.9,0.86,8,0,0,0.19,0.01,1,0,74.6,True
10,Cotton,15.3,8,10,3,4,0.77,14.8,1.18,9,1,0,0.15,1.45,1,0,38.1,True
1,Cotton,49.9,4,8,2,4,0.91,10.9,1.13,11,2,1,0.18,0.55,1,0,17.0,True
8,Cotton,19.4,24,24,4,5,0.94,16.5,0.87,16,1,0,0.14,1.3,0,1,139.0,True
7,Wheat,28.0,4,9,3,3,0.98,19.3,1.19,16,2,0,0.18,1.25,1,0,21.2,True
4,Mustard,54.1,11,16,1,3,0.91,10.4,0.86,8,4,0,0.13,1.29,1,0,136.5,True
7,Wheat,41.6,22,27,4,4,0.92,19.6,0.87,8,5,0,0.17,0.39,1,0,122.8,True
2,Wheat,25.1,2,8,4,5,0.84,19.9,1.18,14,6,1,0.1,0.89,1,0,5.2,True
3,Cotton,38.1,29,38,3,5,0.83,19.7,0.82,15,0,1,0.15,-0.48,0,1,256.1,True
10,Cotton,18.4,9,13,2,2,0.99,16.6,0.99,9,2,0,0.19,-0.31,1,0,75.3,True
7,Mustard,35.9,8,12,1,1,0.87,12.0,0.84,14,2,1,0.16,0.84,0,1,135.5,True
8,Wheat,23.4,17,21,4,4,0.95,13.5,1.14,16,4,0,0.17,1.21,1,0,49.7,True
1,Paddy,6.0,4,11,2,4,0.83,19.2,1.13,10,1,1,0.13,-0.22,1,0,32.1,True
3,Paddy,20.3,16,17,1,1,0.85,16.0,1.17,9,0,0,0.13,1.39,0,1,243.7,True
1,Cotton,5.3,6,8,2,3,0.82,10.5,0.86,10,3,1,0.1,0.26,1,0,32.2,True
3,Wheat,27.9,10,12,1,1,0.76,18.7,0.89,16,1,0,0.17,1.03,0,1,241.2,True
1,Wheat,47.6,4,7,1,1,0.72,10.6,0.95,8,2,0,0.17,0.9,1,0,43.9,True
4,Paddy,23.1,17,18,4,5,0.83,13.0,1.12,17,4,0,0.15,-0.07,1,0,53.0,True
1,Wheat,14.3,3,12,2,4,0.87,19.2,0.99,8,5,0,0.09,-0.45,1,0,29.0,True
9,Cotton,25.8,20,21,3,4,0.8,13.4,0.82,15,3,1,0.1,1.39,1,0,106.5,True
2,Paddy,47.7,8,10,4,6,0.91,18.4,0.89,13,5,0,0.11,1.39,0,1,65.8,True
4,Maize,44.9,7,17,2,2,0.82,17.9,1.03,14,6,1,0.09,0.76,1,0,59.9,True
